,Unnamed: 0,Unnamed: 0.1,Name,Simbad Name,x0,ex0,gamma,egamma,c1,ec1,c2,ec2,c3,ec3,RV,eRV,BH,eBH,Weight
0,0,0,HD698,HD698,4.551,0.006,0.96,0.03,0.07,0.19,0.99,0.05,2.95,0.19,3.94,0.16,3.200954861,0.287275369,2.138845663
1,1,1,HD3191,HD3191,4.636,0.003,0.94,0.02,-0.79,0.2,1,0.04,2.99,0.16,2.81,0.09,3.38388411,0.231351698,2.290683657
2,2,2,BD+57 245 (NGC 457),BD+57 245,4.561,0.005,0.89,0.03,-0.47,0.31,0.88,0.06,3.13,0.19,2.97,0.13,3.951521273,0.358473328,1.326062056
3,3,3,BD+57 252 (NGC 457),BD+57 252,4.577,0.005,0.92,0.02,-0.66,0.25,0.95,0.05,3.39,0.17,2.97,0.1,4.005198488,0.265829649,1.723713011
4,4,4,NGC 457 Pesch 34,ADS 1073,4.579,0.003,0.91,0.01,-0.55,0.2,0.86,0.04,3.32,0.11,2.94,0.11,4.009177636,0.159401898,1.244893649
5,5,5,NGC 457 Pesch 13,Cl* NGC 457 PES 13,4.587,0.004,0.87,0.02,-0.69,0.33,0.84,0.07,2.91,0.14,3.11,0.11,3.844629409,0.255847143,1.201818363
6,6,6,NGC 457 Pesch 9,BD+57 249,4.578,0.006,1.07,0.03,-1.13,0.22,1.08,0.04,4.31,0.22,2.76,0.07,3.764520919,0.285455901,3.953960847
7,7,7,Cr 463 #18,Cl Collinder  463  18,4.606,0.009,1.18,0.05,-0.47,0.26,1.03,0.07,5.23,0.45,3.38,0.17,3.756104568,0.453619902,2.659617824
8,8,8,BD+70 131 (Cr 463),BD+70 131,4.577,0.011,1.11,0.05,0.17,0.32,0.86,0.08,5.11,0.49,3.4,0.2,4.147390634,0.545680545,1.273769637
9,9,9,Cr 463 #5,Cl Collinder  463  5,4.61,0.008,1.08,0.04,0.45,0.33,0.74,0.08,4.77,0.34,2.91,0.18,4.089506173,0.420397246,1.084111241
10,10,10,BD+71 92 (Cr 463),BD+71 92,4.552,0.007,1.01,0.04,0.16,0.31,0.85,0.09,4.78,0.35,3.42,0.25,4.685815116,0.505445488,1.258025632
11,11,11,BD+71 107 (Cr 463),BD+71 107,4.538,0.008,0.96,0.03,0.01,0.25,0.92,0.05,3.74,0.24,2.96,0.14,4.058159722,0.363521037,1.513016457
12,12,12,BD+55 393,BD+55 393,4.612,0.006,0.84,0.02,0.93,0.42,0.69,0.09,2.41,0.18,2.88,0.2,3.41553288,0.302539683,1.115472361
13,13,13,Hiltner 188,Hiltner 188,4.585,0.006,0.88,0.03,-0.89,0.25,1.01,0.05,2.96,0.17,2.87,0.08,3.82231405,0.340749053,2.419878769
14,14,14,HD236923,HD236923,4.597,0.005,0.91,0.03,-0.48,0.27,0.92,0.05,3.47,0.22,2.82,0.08,4.190315179,0.383292097,1.513016457
15,15,15,HD12323,HD12323,4.609,0.004,0.86,0.02,-0.21,0.3,1.02,0.09,3.04,0.24,2.9,0.26,4.110329908,0.376628668,2.433730979
16,16,16,HD13338,HD13338,4.596,0.002,0.81,0.01,0.54,0.11,0.72,0.03,2.73,0.08,2.69,0.11,4.160951075,0.159445848,1.024020302
17,17,17,BD+57 513,BD+57 513,4.598,0.004,0.88,0.01,-0.52,0.26,0.96,0.05,2.87,0.12,2.85,0.1,3.706095041,0.176371169,1.811282635
18,18,18,HD13621,HD13621,4.591,0.004,0.88,0.02,-1.44,0.5,1.08,0.1,2.9,0.16,2.88,0.17,3.744834711,0.267699659,3.326256133
19,19,19,HD13659,HD13659,4.626,0.004,0.96,0.02,-1.49,0.17,1.15,0.03,2.01,0.1,2.49,0.07,2.180989583,0.141534249,5.848222273
20,20,20,HD14092,HD14092,4.575,0.005,0.95,0.03,1.43,0.23,0.56,0.05,3.45,0.23,2.96,0.11,3.822714681,0.351052694,1.329880858
21,21,21,HD14053 (NGC 869),HD14053,4.607,0.004,0.94,0.03,-0.42,0.29,0.9,0.06,3.19,0.19,2.82,0.11,3.610230874,0.315183075,1.414553137
22,22,22,BD+56 501 (NGC 869),BD+56 501,4.588,0.003,0.87,0.01,-0.28,0.24,0.8,0.05,3.06,0.11,3.01,0.12,4.042806183,0.172505617,1.089281132
23,23,23,BD+56 502 (NGC 869),BD+56 502,4.606,0.005,0.9,0.03,-0.38,0.23,0.93,0.04,2.78,0.14,2.71,0.09,3.432098765,0.286750672,1.565126047
24,24,24,BD+56 510 (NGC 869),BD+56 510,4.591,0.003,0.86,0.02,0.57,0.23,0.66,0.05,2.77,0.13,2.63,0.11,3.745267712,0.247468081,1.113875115
25,25,25,BD+56 511 (NGC 869),BD+56 511,4.592,0.003,0.95,0.01,0.01,0.13,0.79,0.03,3.3,0.09,3.12,0.1,3.656509695,0.125978033,1.047675857
26,26,26,BD+56 515 (NGC 869),BD+56 515,4.597,0.004,0.91,0.02,-0.48,0.21,0.87,0.05,3.06,0.13,2.73,0.1,3.695205893,0.225891511,1.281747466
27,27,27,BD+56 516 (NGC 869),BD+56 516,4.578,0.005,0.85,0.02,-0.79,0.22,1.02,0.04,3.11,0.12,2.99,0.11,4.30449827,0.261950957,2.617438604
28,28,28,BD+56 517 (NGC 869),BD+56 517,4.577,0.003,0.8,0.02,-0.71,0.25,0.95,0.05,2.96,0.13,3.05,0.11,4.625,0.307792671,1.723713011
29,29,29,BD+56 518 (NGC 869),BD+56 518,4.589,0.005,0.94,0.03,-0.48,0.23,0.91,0.05,3.16,0.16,2.58,0.09,3.576278859,0.291372005,1.457053381
30,30,30,BD+56 524 (NGC 869),BD+56 524,4.585,0.004,0.87,0.02,-0.06,0.17,0.87,0.04,2.64,0.11,2.78,0.1,3.487911217,0.216419107,1.279100633
31,31,31,BD+56 526 (NGC 869),BD+56 526,4.587,0.005,0.92,0.03,-0.85,0.14,1,0.03,3.14,0.15,2.87,0.07,3.709829868,0.299908208,2.305954634
32,32,32,HD14250 (NGC 884),HD14250,4.595,0.002,0.88,0.01,-0.18,0.17,0.82,0.03,3.15,0.09,2.85,0.11,4.067665289,0.148503516,1.121124677
33,33,33,HD14321 (NGC 884),HD14321,4.597,0.004,0.92,0.02,-0.45,0.17,0.88,0.04,3.11,0.15,2.62,0.1,3.674385633,0.238598597,1.315534327
34,34,34,HD14357 (NGC 884),HD14357,4.611,0.004,0.96,0.02,-0.83,0.17,1.03,0.04,3.15,0.11,2.75,0.1,3.41796875,0.185818142,2.804543136
35,35,35,BD+56 571 (NGC 884),BD+56 571,4.589,0.004,0.84,0.02,0.31,0.22,0.74,0.05,3,0.12,2.72,0.09,4.25170068,0.264412499,1.03739079
36,36,36,BD+56 574 (NGC 884),BD+56 574,4.631,0.007,0.89,0.03,-0.43,0.28,0.88,0.05,3.11,0.2,2.84,0.11,3.926271935,0.36580735,1.31976829
37,37,37,BD+56 576 (NGC 884),BD+56 576,4.575,0.004,0.86,0.01,-0.22,0.24,0.88,0.05,3.16,0.12,2.78,0.09,4.272579773,0.190257429,1.31976829
38,38,38,HD14520 (NGC 884),HD14520,4.593,0.003,0.86,0.02,-0.31,0.13,0.85,0.04,2.89,0.09,2.62,0.1,3.907517577,0.218721442,1.212399209
39,39,39,BD+56 589,BD+56 589,4.606,0.003,0.89,0.01,-0.47,0.1,0.91,0.03,3,0.08,2.82,0.09,3.787400581,0.132076485,1.435298752
40,40,40,HD236960 (IC 1805),HD236960,4.584,0.003,0.89,0.01,-0.22,0.11,0.78,0.03,2.99,0.09,2.81,0.08,3.774775912,0.141793812,1.031408496
41,41,41,HD17443,HD17443,4.56,0.009,1.09,0.06,-0.22,0.3,0.9,0.11,3.13,0.36,2.58,0.21,2.634458379,0.419440741,1.468953343
42,42,42,HD237019 (IC 1848),HD237019,4.582,0.005,0.91,0.02,-0.26,,0.76,0.03,3.06,0.13,3.08,0.07,3.695205893,0.225891511,1.012284706
43,43,43,BD+60 594 (IC 1848),BD+60 594,4.598,0.003,0.89,0.02,-0.24,0.2,0.78,0.04,3.12,0.14,2.68,0.09,3.938896604,0.250156373,1.044677992
44,44,44,HD18352 (IC 1848),HD18352,4.594,0.003,0.91,0.01,-0.14,,0.72,0.04,3.73,0.24,2.67,0.15,4.504286922,0.306260911,1.033543314
45,45,45,HD19820,HD19820,4.587,0.002,0.89,0.02,0.18,0.13,0.72,0.02,3.16,0.12,2.74,0.07,3.989395278,0.234731881,1.016274398
46,46,46,HD21483,HD21483,4.625,0.005,1.08,0.03,-0.21,0.27,0.82,0.05,2.82,0.14,2.83,0.09,2.417695473,0.180131853,1.131417438
47,47,47,HD23060,HD23060,4.598,0.005,0.91,0.02,1.82,0.47,0.28,0.11,2.91,0.21,2.87,0.17,3.514068349,0.29693178,4.217998688
48,48,48,HD23180,HD23180,4.662,0.014,1.3,0.07,-0.02,0.28,0.69,0.06,5.25,0.6,3.14,0.22,3.106508876,0.487819409,1.079807496
49,49,49,HD281159 (IC 348),HD281159,4.574,0.003,1.08,0.02,0.58,0.11,0.61,0.02,4.12,0.14,3.14,0.06,3.53223594,0.177542635,1.187826395
50,50,50,HD23512 (Mel 22),HD23512,4.544,0.014,1.34,0.07,1.33,0.39,0.51,0.1,4.11,0.55,3.2,0.17,2.288928492,0.388601487,1.582842063
51,51,51,HD24432,HD24432,4.589,0.002,0.89,0.01,-0.87,0.11,1.06,0.03,2.89,0.07,2.87,0.06,3.648529226,0.120548728,3.537216911
52,52,52,HD25443,HD25443,4.589,0.003,0.91,0.01,-0.78,,0.93,0.04,3.45,0.16,2.67,0.09,4.166163507,0.213811558,1.565126047
53,53,53,HD25638,HD25638,4.574,0.004,0.88,0.03,-0.68,0.12,1,0.03,3.05,0.15,3.03,0.08,3.938533058,0.331105449,2.305954634
54,54,54,HD27778,HD27778,4.593,0.005,1.18,0.03,-0.44,0.26,0.91,0.06,3.66,0.22,2.68,0.15,2.628555013,0.206949103,1.465548037
55,55,55,HD28475,HD28475,4.554,0.008,0.94,0.04,0.21,0.35,0.58,0.08,4.68,0.42,3.09,0.24,5.29651426,0.655078578,1.295996749
56,56,56,HD28482,HD28482,4.589,0.005,1.11,0.03,0.1,0.17,0.79,0.06,3.44,0.21,3.13,0.13,2.79198117,0.227653792,1.086866158
57,57,57,HD29309,HD29309,4.597,0.003,0.95,0.01,0.81,0.11,0.69,0.03,2.78,0.1,3.64,0.11,3.08033241,0.128385291,1.065797054
58,58,58,HD29647,HD29647,4.639,0.037,2.41,0.22,-0.77,0.18,0.79,0.03,10.67,2.79,3.46,0.09,1.837089582,0.585870194,1.047675857
59,59,59,BD+45 973,BD+45 973,4.581,0.003,1,0.02,0.59,0.16,0.59,0.03,3.91,0.16,2.71,0.06,3.91,0.223743067,1.227866803
60,60,60,HD30123 (NGC 1647),HD30123,4.616,0.005,0.97,0.03,-2.01,0.18,1.18,0.04,3.14,0.18,3.3,0.12,3.337230311,0.281442728,6.663543623
61,61,61,HD284841 (NGC 1647),HD284841,4.611,0.004,0.99,0.02,-1.21,0.13,1.13,0.04,3.21,0.15,2.98,0.12,3.275176002,0.202322213,5.262225479
62,62,62,HD284839 (NGC 1647),HD284839,4.605,0.007,1.02,0.03,-1.49,0.25,1.16,0.07,3.66,0.23,2.92,0.17,3.517877739,0.302808681,5.790047128
63,63,63,HD30122,HD30122,4.57,0.004,1.08,0.02,-0.25,0.28,0.82,0.13,5.25,0.4,3.04,0.25,4.501028807,0.3813073,1.26605987
64,64,64,HD282485,HD282485,4.603,0.006,1.23,0.03,-0.58,0.24,0.79,0.1,6.95,0.52,3.14,0.2,4.593826426,0.410308426,1.155845973
65,65,65,HD30470 (NGC 1662),HD30470,4.588,0.01,1.12,0.05,0.68,0.29,0.53,0.07,3.94,0.42,3.09,0.18,3.140943878,0.436752536,1.465072596
66,66,66,HD287150 (NGC 1662),HD287150,4.553,0.012,1.03,0.07,-0.25,0.26,0.93,0.07,3.01,0.38,3.29,0.14,2.837213686,0.526323356,1.591305899
67,67,67,HD30492 (NGC 1662),HD30492,4.592,0.008,1.03,0.04,0.49,0.23,0.61,0.06,3.13,0.29,2.93,0.16,2.950325196,0.35669617,1.205386148
68,68,68,HD30675,HD30675,4.619,0.004,1.12,0.02,-0.35,0.15,0.82,0.05,5.06,0.19,2.87,0.12,4.03380102,0.209037632,1.131417438
69,69,69,ALS 8107,ALS 8107,4.599,0.003,0.93,0.01,0.39,0.11,0.58,0.03,3.83,0.13,3.1,,4.428257602,0.177935441,1.250433272
70,70,70,BD+44 1080,BD+44 1080,4.614,0.007,1.26,0.05,-0.1,0.09,0.81,0.02,3.61,0.28,2.35,0.05,2.273872512,0.252335623,1.086795781
71,71,71,HD33411,HD33411,4.567,0.008,0.81,0.03,0.49,0.42,0.57,0.11,2.93,0.18,2.9,0.19,4.465782655,0.429761384,1.358833649
72,72,72,HD34078,HD34078,4.584,0.006,1.08,0.03,0.78,0.24,0.52,0.04,4.18,0.3,3.23,0.12,3.583676269,0.325254915,1.492490306
73,73,73,HD34333,HD34333,4.59,0.003,0.83,0.01,0.9,0.19,0.69,0.05,2.63,0.12,3.04,0.15,3.81768036,0.196989838,1.07265428
74,74,74,HD36982 (NGC 1977),HD36982,4.588,0.006,0.87,0.02,1.8,0.51,-0.08,0.11,2.33,0.18,5.6,0.25,3.078345885,0.276742189,21.44230769
75,75,75,HD294264 (NGC 1977),HD294264,4.582,0.007,1.07,0.04,1.79,0.18,0.01,0.04,2.32,0.18,5.48,0.17,2.02637785,0.218338122,13.26701802
76,76,76,NGC 1977 #885,NGC 1977  885,4.582,0.006,1.03,0.02,1.28,0.08,0.18,0.02,2.2,0.11,5.22,0.09,2.073711,0.1312866,6.907767423
77,77,77,NGC 1977 #1018,NGC 1977  1018,4.57,0.011,1.25,0.05,0.41,0.19,0.46,0.03,4.58,0.37,5.5,,2.9312,0.33326058,1.896090627
78,78,78,HD37020 (NGC 1977),HD37020,4.567,0.018,0.87,0.07,2.84,0.47,-0.17,0.09,0.72,0.16,5.77,0.21,0.951248514,0.260992178,40.84895285
79,79,79,HD37022 (NGC 1977),HD37022,4.585,0.005,0.99,0.03,1.84,0.26,-0.04,0.06,1.79,0.17,6.42,0.3,1.826344251,0.205760097,18.37467427
80,80,80,HD37061 (NGC 1977),HD37061,4.584,0.003,0.87,0.02,2.15,0.19,0.1,0.03,1.38,0.06,4.55,0.13,1.823226318,0.115372124,9.725104297
81,81,81,HD37130 (NGC 1977),HD37130,4.729,0.077,1.26,0.43,2.23,0.58,-0.02,0.09,1.76,1.17,5.5,,1.108591585,1.05624009,15.82082965
82,82,82,HD37367,HD37367,4.599,0.003,0.84,0.01,1.47,0.33,0.47,0.06,3.43,0.14,3.34,0.15,4.861111111,0.229703108,1.809885553
83,83,83,HD294304,HD294304,4.554,0.008,1.19,0.05,-0.7,0.23,0.94,0.05,4.4,0.37,2.92,0.12,3.107125203,0.369381249,1.645428634
84,84,84,HD37903,HD37903,4.619,0.003,0.92,0.02,1.42,0.29,0.35,0.06,2.21,0.13,3.95,0.21,2.611058601,0.190992588,3.360659765
85,85,85,HD38023,HD38023,4.575,0.01,1.37,0.05,0.15,0.18,0.69,0.04,4.2,0.35,3.16,0.14,2.237732431,0.24789772,1.068093556
86,86,86,HD38051,HD38051,4.576,0.005,0.93,0.02,0.11,0.16,0.81,0.04,3.22,0.13,2.93,0.09,3.722973754,0.21962003,1.100006235
87,87,87,HD38087,HD38087,4.564,0.004,0.91,0.02,2.66,0.26,0.07,0.05,2.95,0.16,5.8,0.26,3.562371694,0.248698892,10.59415803
88,88,88,HD38131,HD38131,4.59,0.002,0.87,0.01,-0.26,0.2,0.82,0.04,3.03,0.09,2.81,0.11,4.003170828,0.150358257,1.12483568
89,89,89,HD248893,HD248893,4.572,0.007,0.89,0.03,-0.55,0.15,0.89,0.03,2.48,0.15,3.14,0.07,3.130917813,0.283571624,1.348338116
90,90,90,HD40893,HD40893,4.587,0.002,0.82,0.01,-0.46,0.23,0.88,0.05,2.35,0.08,2.71,0.13,3.494943486,0.146361767,1.31976829
91,91,91,HD251204,HD251204,4.617,0.002,0.82,0.01,0.04,0.14,0.73,0.03,2.42,0.07,3.07,0.07,3.599048186,0.136174186,1.015416716
92,92,92,HD41690,HD41690,4.608,0.004,0.84,0.02,-0.29,0.31,0.94,0.07,2.45,0.15,2.99,0.14,3.472222222,0.269315813,1.659032115
93,93,93,HD252325,HD252325,4.583,0.004,0.83,0.02,0.87,0.16,0.43,0.03,2.23,0.09,3.63,0.06,3.237044564,0.203480411,2.168223577
94,94,94,HD46056 (NGC 2244),HD46056,4.606,0.003,0.88,0.01,-0.75,0.17,0.89,0.04,2.87,0.12,2.86,0.11,3.706095041,0.176371169,1.35501089
95,95,95,HD46106 (NGC 2244),HD46106,4.589,0.002,0.86,0.01,0.32,0.17,0.68,0.04,2.97,0.1,2.92,0.12,4.015684154,0.164324624,1.082719434
96,96,96,NGC 2244 #11,NGC 2244  11,4.593,0.004,0.8,0.02,-0.08,0.31,0.76,0.06,2.52,0.14,2.82,0.14,3.9375,0.294298026,1.057882197
97,97,97,NGC 2244 #14,NGC 2244  14,4.606,0.004,0.83,0.02,0.42,0.32,0.72,0.07,2.58,0.13,2.94,0.12,3.745100885,0.261123869,1.070506792
98,98,98,NGC 2244 #23,NGC 2244  23,4.589,0.007,0.88,0.04,0.09,0.33,0.8,0.07,2.98,0.21,3.01,0.11,3.848140496,0.442627421,1.116796826
99,99,99,HD259105 (NGC 2244),HD259105,4.609,0.005,0.89,0.02,0.26,0.36,0.69,0.07,3.11,0.15,3.02,0.11,3.926271935,0.258843052,1.089490913
100,100,100,HD46149 (NGC 2244),HD46149,4.596,0.004,0.9,0.02,0.03,0.18,0.71,0.04,3.25,0.14,2.81,0.11,4.012345679,0.248342156,1.04299074
101,101,101,HD46202 (NGC 2244),HD46202,4.592,0.006,0.89,0.03,-0.18,0.29,0.81,0.06,3.1,0.22,3.12,0.11,3.913647267,0.383083922,1.120292496
102,102,102,HD46485 (NGC 2244),HD46485,4.592,0.004,0.92,0.02,-0.22,0.14,0.76,0.03,3.45,0.13,3,0.1,4.076086957,0.234515988,1.012284706
103,103,103,HD46711 (NGC 2244),HD46711,4.618,0.007,1.16,0.05,-0.08,0.1,0.78,0.02,4.92,0.36,3.2,0.05,3.656361474,0.413437081,1.020581967
104,104,104,HD47088 (NGC 2244),HD47088,4.582,0.008,0.82,0.03,-0.38,0.37,0.8,0.08,2.58,0.22,3,,3.837001785,0.431132078,1.132984363
105,105,105,HD47107 (NGC 2244),HD47107,4.563,0.007,0.84,0.03,-0.51,0.35,0.97,0.09,2.88,0.25,3,,4.081632653,0.458838787,1.897325881
106,106,106,HD47382 (NGC 2244),HD47382,4.58,0.005,0.85,0.02,-0.88,0.2,0.92,0.04,2.81,0.15,3.12,0.13,3.889273356,0.276768761,1.5024995
107,107,107,HD47417 (NGC 2244),HD47417,4.558,0.01,0.95,0.05,-1.37,0.36,1.09,0.08,2.82,0.28,3.01,0.2,3.12465374,0.452147129,3.733283481
108,108,108,NGC 2264 #67,NGC 2264  67,4.642,0.005,1.07,0.03,1.85,0.1,0.21,0.02,1.61,0.1,5.49,0.09,1.406236353,0.117673126,6.430466843
109,109,109,HD46660,HD46660,4.565,0.004,0.95,0.02,-0.59,0.18,0.79,0.04,3.75,0.15,2.95,0.08,4.155124654,0.241314143,1.059577864
110,110,110,HD46883,HD46883,4.659,0.004,1.01,0.02,0.19,0.25,0.77,0.05,3.47,0.16,3.06,0.09,3.401627291,0.206760762,1.048865788
111,111,111,HD48099,HD48099,4.598,0.004,0.9,0.01,-0.36,0.35,0.82,0.07,3.6,0.23,3.1,0.21,4.444444444,0.30063693,1.153778606
112,112,112,HD292167,HD292167,4.583,0.005,0.87,0.03,-0.74,0.11,0.92,0.03,2.48,0.15,3.18,0.08,3.276522658,0.300558072,1.489983208
113,113,113,HD52266,HD52266,4.611,0.006,0.93,0.03,-0.42,0.46,0.86,0.09,3.35,0.34,3.3,0.21,3.873280148,0.465810308,1.288134354
114,114,114,HD53974,HD53974,4.579,0.003,0.84,0.01,-0.83,0.19,0.99,0.04,2.36,0.06,3.04,0.14,3.344671202,0.116501164,2.149922322
115,115,115,HD54306,HD54306,4.584,0.006,0.84,0.02,0.89,0.58,0.54,0.12,2.83,0.14,2.73,0.26,4.010770975,0.27539868,1.472361541
116,116,116,HD54439,HD54439,4.601,0.004,0.86,0.02,-0.02,0.4,0.8,0.08,2.67,0.18,2.57,0.17,3.610059492,0.295677145,1.132984363
117,117,117,HD62542,HD62542,4.806,0.024,2.24,0.15,-0.8,0.28,0.87,0.07,10.95,1.97,2.74,0.14,2.18231824,0.489462378,1.296422546
118,118,118,CD-28 5205 (Ru 44),CD-28 5205,4.618,0.005,0.87,0.02,-0.41,0.15,0.88,0.03,2.82,0.13,3.12,0.11,3.725723345,0.242573781,1.312638018
119,119,119,ALS 908 (Ru 44),ALS 908,4.608,0.005,0.92,0.02,0.13,0.12,0.7,0.03,2.92,0.13,2.95,0.08,3.449905482,0.214683889,1.049880575
120,120,120,HD68633,HD68633,4.606,0.004,1.04,0.02,-0.33,0.2,0.75,0.05,2.83,0.15,3.64,0.13,2.616494083,0.171348692,1.038072581
121,121,121,CD-42 4120,CD-42 4120,4.552,0.005,0.9,0.02,0.1,0.13,0.67,0.03,2.85,0.12,3.09,0.07,3.518518519,0.215411561,1.099807619
122,122,122,HD70614,HD70614,4.572,0.005,1.04,0.02,0.35,0.15,0.62,0.04,4.38,0.19,3.14,0.08,4.049556213,0.234770457,1.177956052
123,123,123,HD72648,HD72648,4.554,0.007,0.96,0.03,0.93,0.34,0.49,0.07,4.11,0.24,3.56,0.17,4.459635417,0.381452094,1.675480735
124,124,124,HD73882,HD73882,4.609,0.003,1.12,0.02,0.01,0.09,0.76,0.02,2.71,0.1,3.45,0.08,2.160395408,0.110943139,1.001421589
125,125,125,HD75309,HD75309,4.611,0.005,0.94,0.03,-0.93,0.32,1.01,0.07,3.15,0.21,3.39,0.2,3.564961521,0.329034287,2.363694903
126,126,126,CD-42 4819,CD-42 4819,4.575,0.005,1.06,0.03,-0.5,0.15,0.91,0.03,3.59,0.18,2.95,0.1,3.19508722,0.241602984,1.435298752
127,127,127,HD91651,HD91651,4.64,0.008,1.03,0.05,-1.1,0.32,0.99,0.07,2.69,0.26,3.49,0.22,2.535582996,0.34736569,2.114133734
128,128,128,HD91824 (NGC 3293),HD91824,4.647,0.009,0.91,0.06,0.23,0.55,0.63,0.11,2.43,0.31,3.08,0.21,2.934428209,0.538400197,1.218863433
129,129,129,HD91983 (NGC 3293),HD91983,4.604,0.007,0.92,0.05,-0.28,0.5,0.84,0.09,2.55,0.21,3.2,,3.012759924,0.410849793,1.230993251
130,130,130,HD92044 (NGC 3293),HD92044,4.619,0.009,1.17,0.06,-1.06,0.35,1,0.06,3.57,0.36,3.3,0.13,2.607933377,0.375109027,2.253345585
131,131,131,HD303067 (NGC 3293),HD303067,4.569,0.009,0.91,0.06,-0.2,0.49,0.78,0.09,2.19,0.27,3.47,0.17,2.644608139,0.477416262,1.125356421
132,132,132,HD303068 (NGC 3293),HD303068,4.621,0.009,0.84,0.06,-0.05,0.56,0.74,0.1,1.67,0.22,3.25,0.25,2.366780045,0.459927396,1.119625139
133,133,133,CPD-57 3506 (NGC 3293),CPD-57 3506,4.673,0.012,1.09,0.07,-0.8,0.47,1,0.09,3.16,0.37,3.31,0.19,2.659708779,0.462259145,2.192626348
134,134,134,CPD-57 3507 (NGC 3293),CPD-57 3507,4.613,0.01,0.8,0.04,-0.32,0.74,0.8,0.13,1.86,0.2,2.96,0.29,2.90625,0.426754192,1.233071208
135,135,135,CPD-57 3521 (NGC 3293),CPD-57 3521,4.644,0.007,0.86,0.04,-0.51,0.47,0.89,0.08,2.15,0.19,3.25,0.21,2.906976744,0.372988486,1.387030098
136,136,136,CPD-57 3523 (NGC 3293),CPD-57 3523,4.648,0.011,1.02,0.06,-1.21,0.43,1.02,0.08,2.82,0.36,3.35,0.22,2.710495963,0.470548637,2.468879048
137,137,137,CPD-57 3528 (NGC 3293),CPD-57 3528,4.627,0.014,1.05,0.08,-0.76,0.53,0.88,0.11,2.59,0.42,3.01,0.19,2.349206349,0.522752634,1.388526166
138,138,138,CPD-57 3527 (NGC 3293),CPD-57 3527,4.587,0.007,0.89,0.04,-0.47,0.44,0.87,0.09,2.44,0.22,3.03,0.18,3.080419139,0.392186149,1.32150869
139,139,139,NGC 3293 #65,Cl* NGC 3293 FEAS 65,4.608,0.011,1.01,0.06,-0.48,0.53,0.83,0.11,2.69,0.29,3.12,0.22,2.636996373,0.423059582,1.244069392
140,140,140,NGC 3293 #86,Cl* NGC 3293 FEAS 86,4.601,0.008,1.04,0.05,-0.27,0.42,0.86,0.08,3.13,0.32,2.96,0.15,2.893860947,0.406150555,1.273769637
141,141,141,HD93028 (Cr 228),HD93028,4.619,0.012,0.76,0.06,0.22,0.54,0.66,0.11,1.47,0.24,3.05,0.23,2.54501385,0.57803931,1.175841003
142,142,142,HD93222 (Cr 228),HD93222,4.578,0.004,0.79,0.02,0.68,0.32,0.5,0.08,1.94,0.1,5.05,0.2,3.108476206,0.224601597,1.621864898
143,143,143,Tr 14 #6,Tr 14  6,4.603,0.006,0.96,0.03,0.3,0.32,0.53,0.06,2.6,0.15,4.7,0.13,2.821180556,0.239960477,1.45683132
144,144,144,Tr 14 #20,Tr 14  20,4.595,0.006,0.9,0.03,-0.21,0.23,0.75,0.05,1.97,0.14,3.66,0.1,2.432098765,0.23698702,1.038072581
145,145,145,Tr 14 #21,Tr 14  21,4.577,0.006,0.96,0.03,0.08,0.24,0.57,0.04,2.54,0.16,4.36,0.11,2.756076389,0.244565993,1.287700893
146,146,146,Tr 14 #27,Tr 14  27,4.603,0.005,0.89,0.02,0.56,0.27,0.57,0.05,2.04,0.11,4.27,0.12,2.575432395,0.180785128,1.297993307
147,147,147,CPD-59 2574 (Tr 16),CPD-59 2574,4.602,0.007,0.91,0.03,-0.11,0.27,0.82,0.07,2.49,0.18,3.7,,3.006883227,0.29419895,1.153778606
148,148,148,CPD-59 2581 (Tr 16),CPD-59 2581,4.599,0.007,1.07,0.04,-0.68,0.17,0.71,0.04,2.53,0.17,3.52,0.12,2.209799983,0.222137091,1.04299074
149,149,149,CPD-59 2583 (Tr 16),CPD-59 2583,4.57,0.005,0.88,0.03,0.08,0.21,0.63,0.05,2,0.11,2.92,0.13,2.582644628,0.226239674,1.162615519
150,150,150,CPD-59 2591 (Tr 16),CPD-59 2591,4.593,0.004,0.92,0.02,0.72,0.12,0.41,0.02,2.15,0.08,3.7,,2.540170132,0.145365469,2.39401367
151,151,151,CPD-59 2595 (Tr 16),CPD-59 2595,4.597,0.006,0.94,0.02,0.42,0.31,0.61,0.07,3.91,0.24,3.7,,4.425079221,0.330503665,1.212190441
152,152,152,CPD-59 2596 (Tr 16),CPD-59 2596,4.582,0.005,0.87,0.02,0.2,0.12,0.55,0.02,1.97,0.09,3.53,0.09,2.602721628,0.168696328,1.334271989
153,153,153,CPD-59 2600 (Tr 16),CPD-59 2600,4.609,0.003,0.94,0.03,0.11,0.22,0.64,0.04,2.38,0.12,4.01,0.14,2.693526483,0.219095409,1.145404778
154,154,154,CPD-59 2622 (Tr 16),CPD-59 2622,4.586,0.005,0.86,0.02,-0.71,0.21,0.8,0.04,2.31,0.12,3.7,,3.123309897,0.217780756,1.078118524
155,155,155,CPD-59 2625 (Tr 16),CPD-59 2625,4.578,0.009,0.87,0.04,0.16,0.23,0.62,0.07,2.12,0.15,4.38,0.15,2.800898401,0.324973895,1.191276596
156,156,156,CPD-59 2640 (Tr 16),CPD-59 2640,4.577,0.004,0.89,0.02,-0.35,0.2,0.76,0.05,2.86,0.14,3.7,,3.61065522,0.239942972,1.041860645
157,157,157,Tr 16 #33,Tr 16  33,4.569,0.006,0.85,0.02,1,0.18,0.59,0.04,2.01,0.11,3.7,,2.78200692,0.2007967,1.235877824
158,158,158,Tr 16 #14,Tr 16  14,4.578,0.005,0.9,0.02,0.41,0.12,0.47,0.03,1.56,0.07,3.09,0.08,1.925925926,0.121635398,1.818824794
159,159,159,Tr 16 #73,Tr 16  73,4.587,0.005,0.97,0.03,0.21,0.11,0.55,0.03,2.52,0.14,3.98,0.14,2.678286747,0.222677336,1.345100751
160,160,160,Tr 16 #74,Tr 16  74,4.561,0.006,0.91,0.03,-0.31,0.16,0.7,0.03,2.25,0.15,3.81,0.18,2.717063157,0.254763547,1.049880575
161,161,161,Tr 16 #76,Tr 16  76,4.575,0.004,0.92,0.02,0.11,0.11,0.64,0.03,2.28,0.08,3.74,0.09,2.693761815,0.150501686,1.147526336
162,162,162,HD97848,HD97848,4.594,0.004,0.81,0.02,-0.66,0.3,0.87,0.07,2.18,0.17,3.48,0.25,3.322664228,0.306690918,1.296422546
163,163,163,HD99264,HD99264,4.593,0.004,0.82,0.02,1.06,0.27,0.47,0.06,3.02,0.16,3.15,0.19,4.491374182,0.323454737,1.809885553
164,164,164,HD99872,HD99872,4.581,0.004,1,0.02,1.28,0.39,0.21,0.12,4.51,0.3,2.97,0.18,4.51,0.35006308,5.61143731
165,165,165,HD101008,HD101008,4.603,0.005,1.03,0.03,-0.43,0.37,0.62,0.08,3.65,0.24,3.43,0.18,3.440475068,0.302230767,1.199650002
166,166,166,HD104705,HD104705,4.588,0.003,0.8,0.01,-0.08,0.25,0.7,0.06,2.15,0.13,4.34,0.2,3.359375,0.219802504,1.070318849
167,167,167,HD108927,HD108927,4.6,0.007,1,0.04,0.72,0.29,0.38,0.07,3.7,0.28,3.1,,3.7,0.407450611,2.78609001
168,168,168,HD110336,HD110336,4.604,0.007,1.3,0.04,-0.07,0.18,0.7,0.04,5.05,0.35,2.69,0.13,2.98816568,0.276956906,1.054677431
169,169,169,HD110715,HD110715,4.568,0.009,1.05,0.05,-0.01,0.36,0.75,0.07,3.52,0.35,2.92,0.13,3.192743764,0.439590862,1.069903182
170,170,170,HD110863,HD110863,4.602,0.004,0.88,0.02,0.14,0.15,0.69,0.04,2.74,0.12,2.97,0.09,3.53822314,0.2233337,1.068093556
171,171,171,HD110946,HD110946,4.603,0.004,1.05,0.02,-0.1,0.17,0.93,0.04,3.48,0.2,3.2,0.12,3.156462585,0.217640176,1.565126047
172,172,172,CPD-59 4528 (NGC 4755),CPD-59 4528,4.587,0.003,0.85,0.01,0.48,0.26,0.6,0.06,3.18,0.15,3.09,0.15,4.401384083,0.232008654,1.227554204
173,173,173,CPD-59 4532 (NGC 4755),CPD-59 4532,4.599,0.003,0.81,0.01,0.27,0.16,0.67,0.04,2.69,0.1,2.96,0.13,4.099984758,0.182972497,1.098074026
174,174,174,CPD-59 4537 (NGC 4755),CPD-59 4537,4.591,0.004,0.87,0.02,0.52,0.25,0.58,0.06,3.15,0.15,2.89,0.13,4.161712247,0.275474522,1.27829513
175,175,175,CPD-59 4541 (NGC 4755),CPD-59 4541,4.587,0.003,0.86,0.01,0.49,0.16,0.58,0.05,3.23,0.11,3.1,,4.367225527,0.180098443,1.269475219
176,176,176,CPD-59 4549 (NGC 4755),CPD-59 4549,4.594,0.003,0.82,0.01,0.89,0.21,0.57,0.05,3.05,0.13,3.23,0.16,4.535990482,0.222753618,1.297993307
177,177,177,CPD-59 4550 (NGC 4755),CPD-59 4550,4.609,0.004,0.9,0.02,0.69,0.24,0.54,0.06,3.39,0.15,3.07,0.1,4.185185185,0.262474027,1.414017761
178,178,178,CPD-59 4552 (NGC 4755),CPD-59 4552,4.605,0.002,0.84,0.01,-0.34,0.22,0.81,0.05,3.04,0.13,3.24,0.17,4.308390023,0.210872744,1.108934956
179,179,179,CPD-59 4563 (NGC 4755),CPD-59 4563,4.59,0.004,0.9,0.02,0.13,0.24,0.67,0.05,3.12,0.14,2.94,0.14,3.851851852,0.243270797,1.099145265
180,180,180,CPD-59 4564 (NGC 4755),CPD-59 4564,4.604,0.003,0.88,0.01,0.19,0.28,0.68,0.06,3.32,0.15,3.11,0.16,4.287190083,0.21682447,1.090904067
181,181,181,NGC 4755 #105,NGC 4755  105,4.578,0.004,0.77,0.01,0.44,0.24,0.64,0.05,2.57,0.1,3.11,0.2,4.334626413,0.202788143,1.145592052
182,182,182,HD312084 (NGC 4755),HD312084,4.604,0.004,0.82,0.02,-0.6,0.23,0.8,0.05,2.55,0.11,3.05,0.13,3.792385485,0.246952699,1.089281132
183,183,183,HD112607,HD112607,4.549,0.007,1.06,0.06,-0.28,0.54,0.81,0.14,3.98,0.52,2.73,0.2,3.542185831,0.612360079,1.271507833
184,184,184,HD112784,HD112784,4.591,0.003,0.84,0.01,-0.09,0.3,0.72,0.07,2.67,0.15,2.96,0.16,3.784013605,0.230888733,1.070506792
185,185,185,HD112954,HD112954,4.565,0.01,1.01,0.05,-0.72,0.3,1.06,0.07,2.58,0.25,3.07,0.13,2.529163807,0.350382035,3.197411032
186,186,186,HD113012,HD113012,4.591,0.003,0.86,0.02,-0.12,0.22,0.77,0.05,2.44,0.11,3.09,0.14,3.299080584,0.213695772,1.048865788
187,187,187,HD123335,HD123335,4.553,0.004,0.87,0.02,0.03,0.53,0.77,0.09,3.14,0.21,3.3,0.25,4.148500462,0.336685603,1.11615288
188,188,188,HD143054,HD143054,4.573,0.006,0.93,0.04,0.83,0.2,0.47,0.05,3.49,0.22,2.8,0.08,4.035148572,0.430332925,1.810740687
189,189,189,HD144470,HD144470,4.558,0.004,0.84,0.02,0.54,0.28,0.56,0.06,2.73,0.19,3.71,0.3,3.869047619,0.326271668,1.339626988
190,190,190,HD145554,HD145554,4.572,0.008,0.9,0.04,0.97,0.36,0.33,0.13,3.21,0.33,3.65,0.43,3.962962963,0.538581731,3.175844783
191,191,191,HD146284,HD146284,4.561,0.006,0.94,0.03,1.23,0.25,0.36,0.06,3.27,0.22,3.1,,3.700769579,0.343207417,3.16881185
192,192,192,HD146285,HD146285,4.563,0.005,0.84,0.02,2.06,0.26,0.06,0.05,2.83,0.15,3.83,0.18,4.010770975,0.285778289,11.00263798
193,193,193,HD147165,HD147165,4.575,0.005,0.89,0.02,1.87,0.2,0.21,0.04,2.56,0.14,3.6,0.14,3.231915162,0.228774617,6.452247427
194,194,194,HD147196,HD147196,4.576,0.005,1.06,0.03,0.77,0.21,0.52,0.06,3.85,0.29,3.1,,3.426486294,0.322850548,1.503748742
195,195,195,HD147701,HD147701,4.624,0.003,1.18,0.03,0.69,0.21,0.38,0.06,3.83,0.19,4.03,0.09,2.750646366,0.195401489,2.822349793
196,196,196,HD147889,HD147889,4.618,0.002,1.02,0.02,1.73,0.13,0.13,0.02,4.23,0.11,4.19,0.07,4.065743945,0.191311115,7.942890107
197,197,197,HD147888,HD147888,4.585,0.003,0.89,0.02,1.83,0.25,0.22,0.05,2.5,0.11,4.08,0.13,3.156167151,0.198511297,6.253518268
198,198,198,HD147933,HD147933,4.572,0.003,0.96,0.02,1.69,0.2,0.15,0.04,3.16,0.12,4.41,0.15,3.428819444,0.193301128,7.61991035
199,199,199,HD148579,HD148579,4.55,0.003,0.95,0.02,1.52,0.18,0.24,0.04,2.77,0.15,4.01,0.19,3.069252078,0.210534845,5.988875152
200,200,200,HD148594,HD148594,4.534,0.011,0.91,0.05,0.97,0.43,0.26,0.13,2.93,0.33,3.1,,3.538220022,0.556760024,4.361680951
201,201,201,HD149452,HD149452,4.575,0.002,0.87,0.01,0.59,0.11,0.56,0.02,2.88,0.07,3.24,0.07,3.804994055,0.127295758,1.297818372
202,202,202,HD149757,HD149757,4.598,0.004,1.18,0.03,-0.29,0.34,0.83,0.08,4.34,0.34,3.08,0.19,3.116920425,0.291107326,1.19058816
203,203,203,HD151346,HD151346,4.546,0.003,1.14,0.02,0.91,0.18,0.64,0.04,4.19,0.2,3.81,0.1,3.224068944,0.190998764,1.145404778
204,204,204,HD326309 (NGC 6231),HD326309,4.581,0.006,0.88,0.03,0.44,0.26,0.63,0.05,2.54,0.16,3.07,0.12,3.279958678,0.304467246,1.162615519
205,205,205,HD326328 (NGC 6231),HD326328,4.595,0.005,0.89,0.02,-0.05,0.21,0.76,0.04,2.53,0.14,3.5,0.13,3.194041156,0.227697644,1.026356668
206,206,206,HD326329 (NGC 6231),HD326329,4.603,0.006,0.9,0.03,-0.06,0.28,0.78,0.05,2.64,0.18,3.1,,3.259259259,0.310797412,1.059131307
207,207,207,HD326330 (NGC 6231),HD326330,4.581,0.008,0.96,0.05,0.23,0.36,0.68,0.06,3.07,0.29,3.23,0.15,3.331163194,0.468426767,1.090904067
208,208,208,HD326332 (NGC 6231),HD326332,4.572,0.004,0.9,0.03,-0.16,0.32,0.77,0.05,2.99,0.18,3.17,0.14,3.691358025,0.33157694,1.048865788
209,209,209,HD326333 (NGC 6231),HD326333,4.585,0.005,0.86,0.02,0.12,0.18,0.73,0.04,2.73,0.13,3.38,0.13,3.691184424,0.245703858,1.02679927
210,210,210,HD326364 (NGC 6231),HD326364,4.59,0.003,0.88,0.02,0.14,0.19,0.65,0.03,2.62,0.09,2.91,0.09,3.383264463,0.19276049,1.132463681
211,211,211,CPD-41 7711 (NGC 6231),CPD-41 7711,4.612,0.004,1,0.03,-0.5,0.39,0.91,0.07,3.43,0.22,3.5,0.15,3.43,0.301253448,1.473864931
212,212,212,CPD-41 7715 (NGC 6231),CPD-41 7715,4.587,0.006,1.01,0.03,-1.02,0.23,0.87,0.05,4.04,0.25,4.86,0.18,3.96039604,0.339725977,1.281747466
213,213,213,CPD-41 7719 (NGC 6231),CPD-41 7719,4.597,0.004,0.85,0.02,0.15,0.4,0.78,0.07,2.44,0.12,3.36,0.17,3.37716263,0.229876331,1.090427046
214,214,214,CPD-41 7724 (NGC 6231),CPD-41 7724,4.588,0.005,0.81,0.02,0.19,0.4,0.79,0.07,2.43,0.13,3.49,0.17,3.703703704,0.269651059,1.102308355
215,215,215,CPD-41 7727 (NGC 6231),CPD-41 7727,4.594,0.003,0.87,0.02,-0.07,0.22,0.77,0.05,2.79,0.13,3.29,0.15,3.68608799,0.241290372,1.048865788
216,216,216,CPD-41 7730 (NGC 6231),CPD-41 7730,4.59,0.005,0.92,0.03,-0.39,0.34,0.92,0.07,3.05,0.18,3.31,0.16,3.603497164,0.316948887,1.529780611
217,217,217,CPD-41 7733 (NGC 6231),CPD-41 7733,4.569,0.006,0.84,0.03,-0.19,0.27,0.78,0.05,2.53,0.19,3.1,,3.585600907,0.371622457,1.059131307
218,218,218,CPD-41 7736 (NGC 6231),CPD-41 7736,4.586,0.005,0.87,0.02,-0.06,0.23,0.79,0.05,2.78,0.15,3.22,0.16,3.672876206,0.26036588,1.072632591
219,219,219,CPD-41 7743 (NGC 6231),CPD-41 7743,4.579,0.003,0.8,0.01,0.52,0.22,0.62,0.04,2.54,0.1,3.15,0.14,3.96875,0.18509031,1.177956052
220,220,220,NGC 6231 Br1017,Braes 1017,4.605,0.005,0.85,0.02,-0.09,0.18,0.8,0.04,2.09,0.1,3.14,0.14,2.892733564,0.194133626,1.078118524
221,221,221,HD152560 (NGC 6231),HD152560,4.589,0.006,0.82,0.03,0.62,0.23,0.6,0.04,1.79,0.13,3.25,0.16,2.662105889,0.274448115,1.214568745
222,222,222,HD154445,HD154445,4.569,0.002,0.97,0.01,1.27,0.29,0.35,0.05,4.22,0.13,2.93,0.15,4.485067489,0.166257238,3.43064331
223,223,223,HD156247,HD156247,4.58,0.009,0.89,0.04,0.79,0.49,0.41,0.21,3.02,0.36,2.92,0.34,3.812649918,0.56921843,2.177958423
224,224,224,HD164073,HD164073,4.562,0.013,0.89,0.07,0.62,0.35,0.52,0.08,1.36,0.24,5.18,0.35,1.71695493,0.405892717,1.51893867
225,225,225,HD164863 (NGC 6531),HD164863,4.591,0.008,1.08,0.05,-0.73,0.29,0.72,0.06,4.51,0.45,3.34,0.22,3.86659808,0.526327538,1.056946755
226,226,226,HD164740 (NGC 6530),HD164740,4.618,0.002,0.94,0.02,1.91,0.12,0.04,0.02,2.07,0.07,5.21,0.1,2.342689,0.127333815,10.91429293
227,227,227,HD164536 (NGC 6530),HD164536,4.568,0.008,0.93,0.05,0.33,0.47,0.62,0.08,2.9,0.32,3.73,0.29,3.352988785,0.516599839,1.199650002
228,228,228,NGC 6530 #3,NGC 6530  3,4.579,0.005,0.92,0.03,0.62,0.23,0.56,0.05,2.62,0.21,3.42,0.21,3.095463138,0.319864242,1.329880858
229,229,229,HD164816 (NGC 6530),HD164816,4.602,0.004,0.78,0.02,1.14,0.39,0.45,0.06,2.07,0.12,3.26,0.18,3.402366864,0.263337202,1.972878898
230,230,230,HD315032 (NGC 6530),HD315032,4.579,0.003,0.92,0.02,-0.18,0.25,0.69,0.07,3.12,0.15,3.61,0.2,3.686200378,0.238942844,1.089490913
231,231,231,HD315026 (NGC 6530),HD315026,4.59,0.007,0.83,0.03,0.84,0.27,0.51,0.06,2.49,0.17,3.7,,3.614457831,0.359396673,1.555033684
232,232,232,NGC 6530 #49,NGC 6530  49,4.591,0.007,1.07,0.03,-0.44,0.21,0.72,0.05,4.37,0.27,3.41,0.21,3.816927243,0.318473415,1.044588747
233,233,233,HD315023 (NGC 6530),HD315023,4.572,0.006,0.86,0.02,0.68,0.17,0.49,0.05,2.55,0.15,4.1,0.18,3.447809627,0.258552141,1.67019836
234,234,234,NGC 6530 #56,NGC 6530  56,4.569,0.005,0.89,0.02,0.52,0.25,0.56,0.05,2.54,0.14,3.97,0.17,3.206665825,0.228055789,1.329880858
235,235,235,HD315033 (NGC 6530),HD315033,4.582,0.006,0.89,0.03,0.84,0.21,0.51,0.05,2.36,0.14,4.45,0.19,2.97942179,0.267551154,1.550202436
236,236,236,NGC 6530 #61,NGC 6530  61,4.593,0.005,0.87,0.02,0.84,0.17,0.46,0.05,2.59,0.15,3.56,0.16,3.421852292,0.253032951,1.889754717
237,237,237,HD315031 (NGC 6530),HD315031,4.568,0.008,0.9,0.05,0.62,0.36,0.49,0.06,2.74,0.24,3.64,0.2,3.382716049,0.478602376,1.671833942
238,238,238,HD315024 (NGC 6530),HD315024,4.589,0.004,0.83,0.03,0.58,0.23,0.56,0.08,2.56,0.13,3.99,0.27,3.716069096,0.3282881,1.358160991
239,239,239,NGC 6530 #80,NGC 6530  80,4.566,0.005,0.88,0.03,0.74,0.22,0.55,0.04,2.56,0.16,3.7,,3.305785124,0.305762971,1.355467787
240,240,240,NGC 6530 #83,NGC 6530  83,4.583,0.007,0.85,0.02,0.78,0.24,0.48,0.07,2.48,0.15,4.03,0.19,3.432525952,0.263049573,1.740184965
241,241,241,HD164933 (NGC 6530),HD164933,4.573,0.003,0.83,0.01,0.26,0.24,0.58,0.04,2.4,0.1,3.52,0.18,3.483814777,0.167685053,1.260050981
242,242,242,NGC 6530 #86,NGC 6530  86,4.573,0.006,0.96,0.03,0.01,0.2,0.53,0.05,3,0.18,3.7,,3.255208333,0.282026749,1.449016622
243,243,243,HD315021 (NGC 6530),HD315021,4.569,0.002,0.89,0.01,0.06,0.17,0.59,0.04,2.56,0.1,3.65,0.14,3.231915162,0.145646666,1.235877824
244,244,244,HD164947 (NGC 6530),HD164947,4.575,0.006,0.8,0.02,1.1,0.23,0.5,0.06,2.41,0.14,3.7,,3.765625,0.288619805,1.610961011
245,245,245,HD315022 (NGC 6530),HD315022,4.567,0.007,1.03,0.04,0.63,0.23,0.39,0.06,3.71,0.29,3.39,0.2,3.497030823,0.385351722,2.668027536
246,246,246,HD315035 (NGC 6530),HD315035,4.573,0.006,0.84,0.02,1.16,0.19,0.39,0.04,2.39,0.12,3.97,0.14,3.387188209,0.234390927,2.705097405
247,247,247,HD165052 (NGC 6530),HD165052,4.57,0.003,0.9,0.03,0.41,0.34,0.56,0.05,3.1,0.15,3.51,0.17,3.827160494,0.315265016,1.329880858
248,248,248,HD167771,HD167771,4.57,0.003,0.91,0.02,-0.02,0.36,0.67,0.06,3.09,0.15,3.63,0.17,3.731433402,0.244362556,1.103438275
249,249,249,BD-13 4920 (NGC 6611),BD-13 4920,4.597,0.003,0.84,0.01,0.67,0.11,0.52,0.02,2.73,0.07,3.1,,3.869047619,0.135381046,1.49002482
250,250,250,BD-13 4921 (NGC 6611),BD-13 4921,4.607,0.006,0.99,0.03,0.79,0.13,0.48,0.03,3.55,0.17,3.39,0.08,3.62207938,0.279775807,1.745950114
251,251,251,BD-13 4934 (NGC 6611),BD-13 4934,4.6,0.003,0.89,0.02,0.74,0.16,0.49,0.03,3.01,0.11,3.35,0.1,3.800025249,0.220121955,1.6767124
252,252,252,HD170634,HD170634,4.614,0.005,1.15,0.04,-0.31,0.14,0.74,0.05,4.63,0.29,2.97,0.1,3.50094518,0.327716545,1.03739079
253,253,253,HD170740,HD170740,4.595,0.003,0.94,0.01,0.02,0.21,0.82,0.04,2.92,0.1,2.91,0.14,3.304662743,0.133236586,1.12483568
254,254,254,HD172028,HD172028,4.633,0.003,1,0.02,0.42,0.18,0.65,0.03,3.07,0.11,2.91,0.07,3.07,0.164863095,1.132463681
255,255,255,HD172140,HD172140,4.632,0.005,0.77,0.02,0.41,0.24,0.7,0.06,1.65,0.12,2.71,0.26,2.782931354,0.248723955,1.070318849
256,256,256,HD175156,HD175156,4.61,0.007,0.97,0.04,-1.09,0.39,1.25,0.13,2.85,0.22,3.16,0.23,3.029014773,0.342168141,8.100104251
257,257,257,VCT 30,VSS VIII-30,4.492,0.024,1.52,0.14,-0.65,0.22,0.82,0.04,3.36,0.8,4.57,0.15,1.454293629,0.437795189,1.12483568
258,258,258,VCT 10,VSS VIII-10,4.693,0.013,1.14,0.07,0.28,0.09,0.91,0.02,1.4,0.17,4.13,0.1,1.07725454,0.186045513,1.420739693
259,259,259,BD+02 3771,BD+02 3771,4.601,0.003,0.87,0.02,-0.63,0.12,0.92,0.02,2.55,0.09,2.77,0.06,3.369005153,0.195273314,1.476618568
260,260,260,HD177752,HD177752,4.615,0.005,0.92,0.02,-1.2,0.18,1.19,0.05,3.32,0.12,3.2,0.14,3.922495274,0.221778511,6.996696023
261,261,261,HD177989,HD177989,4.622,0.007,0.93,0.04,-2.15,0.38,1.24,0.09,2.4,0.22,2.85,0.27,2.77488727,0.348825263,8.832338185
262,262,262,HD179406,HD179406,4.604,0.007,0.96,0.03,1.04,0.38,0.48,0.09,3.72,0.23,2.88,0.2,4.036458333,0.354862917,1.74646878
263,263,263,HD180968,HD180968,4.641,0.008,1.23,0.06,-1.71,0.5,1.16,0.09,5.24,0.5,2.9,0.18,3.463546831,0.472657931,5.477793797
264,264,264,HD185418,HD185418,4.585,0.002,0.88,0.01,1.13,0.21,0.38,0.04,3.64,0.12,2.48,0.13,4.700413223,0.188213502,2.878033978
265,265,265,HD190991,HD190991,4.581,0.004,0.91,0.03,-2.1,0.18,1.22,0.04,2.43,0.16,3.1,,2.934428209,0.273432715,8.297422779
266,266,266,HD192001,HD192001,4.583,0.003,0.9,0.02,-1.21,0.14,1.13,0.04,2.86,0.11,2.52,0.09,3.530864198,0.207529486,5.262225479
267,267,267,HD228365,HD228365,4.621,0.004,0.89,0.02,-1.01,0.19,0.96,0.04,2.26,0.11,3.03,0.1,2.853175104,0.189020766,1.80741422
268,268,268,BD+37 3862 (IC 4996),BD+37 3862,4.574,0.003,0.88,0.02,-0.39,0.1,0.89,0.03,3.53,0.11,3.15,0.08,4.558367769,0.251213344,1.348338116
269,269,269,HD228699 (IC 4996),HD228699,4.579,0.002,0.9,0.01,-0.33,0.1,0.86,0.02,3.46,0.1,2.68,0.07,4.271604938,0.155731339,1.254438788
270,270,270,HD193076 (IC 4996),HD193076,4.595,0.003,0.91,0.01,-0.67,0.11,0.98,0.03,3.48,0.12,2.86,0.07,4.202391016,0.17184101,2.028375998
271,271,271,HD193322,HD193322,4.595,0.005,0.91,0.02,-0.15,0.21,0.82,0.05,3.04,0.17,2.6,0.15,3.671054221,0.261117468,1.131417438
272,272,272,HD193443,HD193443,4.578,0.004,0.94,0.02,-0.69,0.11,0.95,0.03,3.65,0.15,3.1,,4.130828429,0.244370757,1.710908607
273,273,273,HD228969 (Bk 86),HD228969,4.576,0.002,0.88,0.01,-0.17,0.06,0.81,0.02,3.73,0.07,2.93,0.12,4.816632231,0.141965695,1.086795781
274,274,274,HD229196 (NGC 6910),HD229196,4.566,0.005,1.05,0.04,-0.05,0.11,0.74,0.02,3.47,0.21,3.18,0.05,3.14739229,0.306244757,1
275,275,275,HD229227 (NGC 6913),HD229227,4.594,0.003,0.98,0.01,-0.53,0.07,0.96,0.02,3.11,0.08,2.74,0.04,3.238234069,0.106330027,1.806486234
276,276,276,HD229234 (NGC 6913),HD229234,4.58,0.005,1.03,0.03,-0.32,0.08,0.89,0.02,3.38,0.17,2.74,0.05,3.185974173,0.245196236,1.34013546
277,277,277,HD197512,HD197512,4.575,0.003,0.97,0.02,-1,0.39,1.01,0.08,4.14,0.18,2.43,0.15,4.400042512,0.263667153,2.335667636
278,278,278,HD197770,HD197770,4.599,0.005,1.03,0.02,-0.19,0.14,0.79,0.03,4.07,0.19,3.1,,3.83636535,0.232961222,1.047675857
279,279,279,HD197702,HD197702,4.594,0.005,1.09,0.03,-2.29,0.32,1.16,0.06,5.45,0.35,4.4,0.16,4.587155963,0.387995306,5.911867239
280,280,280,BD+35 4258,BD+35 4258,4.636,0.01,0.81,0.04,-0.52,0.42,0.99,0.1,1.84,0.18,2.9,0.22,2.804450541,0.389854475,2.072004555
281,281,281,HD198781,HD198781,4.611,0.005,1.07,0.03,-2.17,0.31,1.28,0.07,3.39,0.21,2.58,0.15,2.960957289,0.247409167,12.04375012
282,282,282,HD199216,HD199216,4.598,0.003,1.01,0.02,-0.82,0.18,0.98,0.03,3.87,0.13,2.64,0.08,3.793745711,0.19701481,2.028375998
283,283,283,HD199579,HD199579,4.594,0.004,0.97,0.03,-0.82,0.23,1.04,0.06,2.63,0.17,3.05,0.17,2.795196089,0.250077061,2.886301334
284,284,284,BD+45 3360,BD+45 3360,4.609,0.005,0.89,0.02,-0.23,0.14,0.91,0.04,2.23,0.12,3.11,0.14,2.815301098,0.197385369,1.447343105
285,285,285,HD203938,HD203938,4.581,0.003,0.91,0.01,0.38,0.16,0.7,0.03,2.98,0.12,3.06,0.08,3.598599203,0.165088343,1.049880575
286,286,286,HD203532,HD203532,4.626,0.004,1.09,0.02,-0.48,0.14,0.87,0.05,3.46,0.15,2.96,0.18,2.912212777,0.16541102,1.281747466
287,287,287,HD204827 (Tr 37),HD204827,4.63,0.003,1.02,0.02,-1.46,0.11,1.22,0.02,2.88,0.1,2.44,0.05,2.76816609,0.144992269,8.121105934
288,288,288,HD239683 (Tr 37),HD239683,4.635,0.008,0.85,0.04,0.31,0.19,0.77,0.04,2.83,0.21,2.58,0.11,3.916955017,0.469454954,1.033587683
289,289,289,HD239689 (Tr 37),HD239689,4.589,0.004,0.94,0.02,-0.62,0.2,0.91,0.04,3.37,0.16,2.43,0.14,3.813942961,0.243164225,1.447343105
290,290,290,HD239693 (Tr 37),HD239693,4.582,0.007,0.89,0.02,0.2,0.19,0.78,0.06,3.02,0.16,2.57,0.12,3.812649918,0.264885658,1.074381256
291,291,291,BD+58 2292 (Tr 37),BD+58 2292,4.597,0.004,0.92,0.02,-0.19,0.13,0.8,0.03,3.15,0.12,2.91,0.08,3.721644612,0.215135729,1.068333021
292,292,292,HD205794 (Tr 37),HD205794,4.573,0.003,0.89,0.01,0.48,0.14,0.61,0.03,3.47,0.11,2.97,0.1,4.380760005,0.170224802,1.191686063
293,293,293,HD239710 (Tr 37),HD239710,4.623,0.006,0.83,0.03,0.84,0.24,0.6,0.06,2.42,0.15,2.88,0.11,3.512846567,0.334508458,1.227554204
294,294,294,HD205948 (Tr 37),HD205948,4.601,0.004,0.96,0.02,0.4,0.15,0.54,0.03,3.65,0.14,2.56,0.11,3.960503472,0.224295535,1.387644158
295,295,295,HD239722 (Tr 37),HD239722,4.623,0.005,1.02,0.03,-0.23,0.09,0.87,0.03,3.7,0.2,2.63,0.08,3.556324491,0.284106668,1.279583394
296,296,296,HD239724 (Tr 37),HD239724,4.597,0.005,0.91,0.03,-0.4,0.14,0.85,0.03,3.16,0.15,3.21,0.08,3.815964256,0.310023218,1.21558898
297,297,297,HD239725 (Tr 37),HD239725,4.591,0.005,1.02,0.02,-0.46,0.18,0.88,0.05,3.42,0.18,2.93,0.11,3.287197232,0.215755188,1.31976829
298,298,298,HD239729 (Tr 37),HD239729,4.6,0.003,0.98,0.02,-0.33,0.23,0.82,0.04,2.51,0.09,2.96,0.08,2.613494377,0.141989165,1.12483568
299,299,299,HD239738 (Tr 37),HD239738,4.6,0.007,1.3,0.06,-0.69,0.18,0.92,0.04,5.1,0.47,2.83,0.13,3.017751479,0.393623979,1.5024995
300,300,300,HD239742 (Tr 37),HD239742,4.585,0.006,1.06,0.03,-0.75,0.21,0.97,0.05,4.07,0.25,2.99,0.14,3.622285511,0.302564401,1.909058751
301,301,301,HD239745 (Tr 37),HD239745,4.575,0.004,1,0.02,-0.13,0.19,0.78,0.04,4,0.18,2.85,0.13,4,0.240831892,1.044677992
302,302,302,HD239748 (Tr 37),HD239748,4.59,0.005,0.95,0.02,-0.32,0.22,0.87,0.05,3.42,0.16,2.84,0.12,3.789473684,0.238513002,1.281747466
303,303,303,BD+57 2395B (Tr 37),BD+57 2395B,4.586,0.007,1.14,0.04,-0.57,0.14,1.02,0.04,3.99,0.25,2.65,0.1,3.070175439,0.288832323,2.617438604
304,304,304,HD209339,HD209339,4.594,0.003,0.81,0.01,0.1,0.44,0.77,0.09,2.33,0.11,3.1,,3.551287913,0.189203196,1.11615288
305,305,305,HD209481,HD209481,4.613,0.007,1.01,0.04,-0.89,0.23,0.96,0.05,3.5,0.32,3.1,,3.431036173,0.41504305,1.811282635
306,306,306,HD210072,HD210072,4.648,0.008,0.85,0.04,-1.43,0.33,1.4,0.07,1.49,0.13,2.71,0.13,2.062283737,0.264667434,26.7465667
307,307,307,HD210121,HD210121,4.561,0.012,1.41,0.06,-2.81,0.26,1.65,0.07,3.83,0.34,2.01,0.15,1.926462452,0.236913487,71.12582399
308,308,308,BD+53 2820,BD+53 2820,4.603,0.004,0.85,0.01,-1.29,0.18,1.06,0.04,2.37,0.11,2.92,0.16,3.280276817,0.170695671,3.457601221
309,309,309,BD+69 1231,BD+69 1231,4.602,0.008,1.22,0.05,0.35,0.87,0.28,0.19,8.5,0.83,2.81,0.29,5.710830422,0.728070904,3.449466237
310,310,310,BD+53 2885,BD+53 2885,4.605,0.007,0.83,0.03,-0.98,0.31,1.04,0.07,2.21,0.16,3.12,0.2,3.208012774,0.328209968,2.826126683
311,311,311,HD235874,HD235874,4.614,0.011,0.91,0.04,-0.46,0.44,0.95,0.11,2.7,0.26,3.02,0.26,3.260475788,0.425132935,1.743142901
312,312,312,HD216532 (Cep OB3),HD216532,4.584,0.003,0.94,0.02,0.41,0.09,0.6,0.02,3.65,0.14,2.87,0.06,4.130828429,0.236648864,1.203008359
313,313,313,BD+62 2125 (Cep OB3),BD+62 2125,4.624,0.005,1.03,0.04,-0.01,0.17,0.76,0.03,3.51,0.24,2.72,0.05,3.308511641,0.34236143,1.012284706
314,314,314,HD216658 (Cep OB3),HD216658,4.614,0.003,0.89,0.01,0.66,0.1,0.55,0.02,2.8,0.08,3.14,0.05,3.534907209,0.128493428,1.334271989
315,315,315,BD+61 2365 (Cep OB3),BD+61 2365,4.598,0.002,0.87,0.02,0.71,0.18,0.51,0.03,3.15,0.11,3.23,0.14,4.161712247,0.240276677,1.548300029
316,316,316,HD216898 (Cep OB3),HD216898,4.596,0.003,0.94,0.01,0.27,0.12,0.6,0.02,3.48,0.12,2.84,0.06,3.93843368,0.159579684,1.203008359
317,317,317,HD217061 (Cep OB3),HD217061,4.612,0.004,0.9,0.02,0.39,0.16,0.64,0.03,2.84,0.11,2.88,0.05,3.50617284,0.206700918,1.147526336
318,318,318,HD217086 (Cep OB3),HD217086,4.6,0.001,0.95,0.01,0.8,0.1,0.48,0.02,3.43,0.07,2.94,0.05,3.800554017,0.111435097,1.751748232
319,319,319,BD+62 2154 (Cep OB3),BD+62 2154,4.616,0.004,1.01,0.02,0.48,0.17,0.58,0.03,3.35,0.15,2.79,0.07,3.283991766,0.196309506,1.250433272
320,320,320,HD217979 (Cep OB3),HD217979,4.599,0.003,0.89,0.02,-0.29,0.23,0.84,0.05,2.63,0.11,2.74,0.08,3.320287842,0.203847437,1.184165947
321,321,321,HD218066 (Cep OB3),HD218066,4.579,0.005,0.9,0.03,0.3,0.16,0.63,0.03,3.04,0.15,3,0.09,3.75308642,0.311281988,1.161993925
322,322,322,HD218376,HD218376,4.599,0.003,0.91,0.03,-0.97,0.38,0.95,0.09,2.9,0.24,3.1,,3.501992513,0.370554669,1.738203039
323,323,323,BD+55 2899,BD+55 2899,4.586,0.004,0.87,0.02,-0.37,0.26,0.96,0.05,2.78,0.13,3.1,0.14,3.672876206,0.240864113,1.811282635
324,324,324,BD+63 1964,BD+63 1964,4.627,0.003,0.79,0.01,0.1,0.13,0.74,0.02,2.16,0.07,3.04,0.06,3.460983817,0.14232864,1
325,325,325,HD220057 (NGC 7654),HD220057,4.625,0.007,0.89,0.03,1.76,0.69,0.31,0.15,2.66,0.23,2.33,0.22,3.358161848,0.368194208,3.318894509
326,326,326,BD+60 2522 (NGC 7654),BD+60 2522,4.598,0.003,0.8,0.01,0.15,0.16,0.7,0.03,2.23,0.08,3.43,0.07,3.484375,0.152358273,1.049880575
327,327,327,HD224257,HD224257,4.596,0.008,0.86,0.03,-1.17,0.42,1.06,0.12,1.94,0.16,2.9,0.24,2.623039481,0.283354974,2.850581353
328,328,,J004412.17+413324.2,,4.61,0.035,1.17,0.24,-1.54,0.47,1.28,0.17,3.93,1.41,3.3,,2.870918256,1.564670005,8.003680025
329,329,,,,,,,,0.3889,0.6847,0.6271,0.0676,,,2.77,0.19,4.1311,0.2751,1.175815109
330,330,,,,,,,,0.3431,1.3893,0.8599,0.2956,,,2.03,0.66,3.4002,0.4654,1.793409739
331,331,,,,,,,,-0.707,0.4824,0.8599,0.0688,,,2.75,0.14,3.5834,0.2269,1.260071268
332,332,,,,,,,,-0.9111,0.5167,1.1091,0.2214,,,2.75,0.41,4.2695,0.325,3.004874275
333,333,,,,,,,,0.301,0.7056,0.7489,0.0638,,,2.69,0.15,3.5744,0.2182,1.059552715
334,334,,,,,,,,0.073,3.2014,0.9479,0.2332,,,3.04,0.73,3.5558,0.3095,1.875624556
335,335,,,,,,,,-0.125,2.2351,0.8571,0.1169,,,3.02,0.24,3.8843,0.2638,1.326093335
336,336,,,,,,,,0.6179,0.6336,0.712,0.0677,,,2.75,0.18,4.3538,0.211,1.070874668
337,337,,,,,,,,-0.6511,0.7234,0.907,0.151,,,2.59,0.31,3.5477,0.2417,1.561559182
338,338,,,,,,,,-1.4049,0.1318,1.0859,0.0726,,,2.53,0.11,2.3067,0.1306,3.723941375
339,339,,,,,,,,0.2049,0.4823,0.758,0.0837,,,3.09,0.25,3.6467,0.1563,1.096644791
340,340,,,,,,,,-0.1349,0.6432,0.8791,0.0832,,,3.29,0.22,3.5683,0.1627,1.345937968
341,341,,,,,,,,-0.196,0.8445,0.758,0.0731,,,2.8,0.2,3.6356,0.2414,1.078397212
342,342,,,,,,,,0.5549,1.1715,0.679,0.0771,,,2.99,0.19,3.6077,0.2416,1.107989147
343,343,,,,,,,,-1.718,0.3182,1.1891,0.1373,,,3.15,0.21,3.9723,0.2722,5.487418001
344,344,,,,,,,,0.3361,0.9744,0.862,0.0655,,,2.99,0.15,3.529,0.2332,1.263856732
345,345,,,,,,,,1.3591,0.9729,0.497,0.0639,,,3.07,0.15,3.6916,0.2408,1.630325928
346,346,,,,,,,,0.5769,0.8749,0.627,0.0576,,,2.88,0.17,4.2427,0.2361,1.170522971
347,347,,,,,,,,-0.7041,1.4481,0.8377,0.1462,,,2.63,0.16,3.4589,0.5468,1.33884897
348,348,,,,,,,,0.3289,0.4237,0.7961,0.0818,,,2.9,0.21,3.6601,0.2313,1.1303104
349,349,,,,,,,,0.0009,0.232,0.8171,0.0599,,,2.32,0.14,3.1032,0.1895,1.134721996
350,350,,,,,,,,-0.945,0.3966,1.048,0.1136,,,2.57,0.16,3.2325,0.2269,2.712769966
351,351,,,,,,,,-0.1679,1.1293,0.682,0.0679,,,2.77,0.19,4.0655,0.247,1.095217456
352,352,,,,,,,,-0.335,0.5837,0.8119,0.0577,,,2.71,0.12,3.7533,0.2251,1.121282096
353,353,,,,,,,,0.878,0.6508,0.5709,0.0655,,,2.62,0.2,3.783,0.2065,1.309712748
354,354,,,,,,,,-0.9751,0.4771,0.972,0.089,,,2.61,0.12,3.367,0.2235,1.91535587
355,355,,,,,,,,-0.3701,2.1325,0.933,0.0951,,,2.98,0.3,3.4804,0.3493,1.626247838
356,356,,,,,,,,0.311,0.6075,0.656,0.0535,,,2.66,0.18,3.7931,0.2342,1.120718296
357,357,,,,,,,,1.069,1.0427,0.5771,0.0636,,,2.89,0.15,3.4614,0.2287,1.289629956
358,358,,,,,,,,0.016,1.5927,0.696,0.043,,,2.81,0.1,4.0815,0.2308,1.061385702
359,359,,,,,,,,-0.212,0.8366,0.9329,0.0572,,,2.92,0.11,3.4846,0.2182,1.601203968
360,360,,,,,,,,-0.4621,1.6801,0.8301,0.0832,,,2.93,0.11,4.3443,0.4585,1.195827344
361,361,,,,,,,,-0.7651,0.4791,0.9231,0.0668,,,2.52,0.13,3.36,0.2866,1.545808497
362,362,,,,,,,,-0.2681,1.7479,0.8299,0.1003,,,2.66,0.18,4.5369,0.2899,1.225135682
363,363,,,,,,,,0.2439,0.9254,0.7231,0.0477,,,2.91,0.11,4.043,0.2705,1.03999014
364,364,,,,,,,,0.002,0.2893,0.754,0.0679,,,2.89,0.18,2.2678,0.138,1.06791366
365,365,,,,,,,,1.6649,0.9355,0.1969,0.0563,,,2.9,0.28,3.6239,0.2483,6.649315842
366,366,,,,,,,,1.5139,1.6449,0.3191,0.0647,,,3.11,0.39,3.5343,0.2457,3.964839487
367,367,,,,,,,,5.3609,1.7197,0.0399,0.0131,,,3.44,0.45,3.1488,0.3428,10.25269106
368,368,,,,,,,,1.4559,0.1882,1.2006,0.0662,,,2.76,0.12,4.1622,0.1726,7.322911025
369,369,,,,,,,,0.5351,2.0827,0.7731,0.155,,,2.86,0.51,3.7654,0.294,1.262369161
370,370,,,,,,,,-1.3029,0.7359,0.9611,0.1714,,,2.51,0.16,4.7974,0.7225,1.847558142
371,371,,,,,,,,-0.002,0.2787,0.8161,0.1392,,,2.79,0.13,3.9589,0.71,1.279934239
372,372,,,,,,,,1.0899,0.6532,0.6019,0.0984,,,2.59,0.24,2.397,0.1639,1.259166063
373,373,,,,,,,,1.4429,0.5553,0.5459,0.0525,,,3.62,0.19,3.1598,0.1735,1.383606401
374,374,,,,,,,,0.568,1.2823,0.7232,0.0553,,,4.04,0.22,1.2977,0.0873,1.04940502
375,375,,,,,,,,0.2989,0.8654,0.6011,0.0948,,,3.01,0.33,2.7777,0.1945,1.256658645
376,376,,,,,,,,0.4789,0.5112,0.6489,0.0717,,,2.88,0.21,4.0168,0.2178,1.141474676
377,377,,,,,,,,0.8531,0.685,0.6691,0.0826,,,2.84,0.28,3.8167,0.1964,1.125186918
378,378,,,,,,,,1.97,1.635,0.3849,0.076,,,2.97,0.37,4.6594,0.3059,2.692306069
379,379,,,,,,,,1.259,0.6909,0.4791,0.0537,,,3.4,0.22,3.3882,0.1739,1.743841917
380,380,,,,,,,,1.09,1.6414,0.1668,0.0465,,,4.95,0.35,3.4492,0.2392,7.247473448
381,381,,,,,,,,1.01,1.0843,0.3451,0.0874,,,3.36,0.36,3.6624,0.2643,3.249218183
382,382,,,,,,,,0.4989,1.1808,0.5901,0.0729,,,3,0.23,4.071,0.2707,1.26202268
383,383,,,,,,,,2.798,1.7811,-0.15,0.0716,,,4.84,0.52,2.7688,0.3586,38.38086624
384,384,,,,,,,,3.3897,1.635,-0.3292,0.1101,,,6.33,0.6,0.9002,0.47,122.390478
385,385,,,,,,,,2.9011,2.4427,-0.1146,0.0842,,,5.73,0.69,1.8129,0.3955,28.89362613
386,386,,,,,,,,2.7768,1.1264,-0.1928,0.0159,,,4.82,0.39,1.4856,0.1101,35.92756968
387,387,,,,,,,,0.3691,6.1145,0.1162,0.0491,,,5.84,0.26,1.1739,0.0788,8.773055386
388,388,,,,,,,,2.602,3.2007,0.1219,0.0658,,,5.67,1.03,1.5426,0.3844,8.526907462
389,389,,,,,,,,2.3329,0.6221,0,0.429,,,4.29,0.21,1.6398,0.1061,5.549536573
390,390,,,,,,,,2.8242,3.0146,0.1999,0.1007,,,3.83,0.51,3.5405,0.6223,6.163380661
391,391,,,,,,,,1.5048,1.0803,0.5432,0.0863,,,3.55,0.44,4.6924,0.2692,1.424997643
392,392,,,,,,,,2.0211,1.2417,0.3056,0.0568,,,3.74,0.31,2.8641,0.1793,4.371718722
393,393,,,,,,,,0.995,1.3154,0.5171,0.0815,,,2.9,0.29,2.302,0.1598,1.533988249
394,394,,,,,,,,3.1138,1.2517,0.035,0.0104,,,4.93,0.44,4.0031,0.275,9.812883345
395,395,,,,,,,,0.484,0.5274,0.6249,0.0692,,,3.01,0.23,4.2426,0.1913,1.181093327
396,396,,,,,,,,0.435,0.929,0.773,0.075,,,2.81,0.19,3.4181,0.202,1.092058595
397,397,,,,,,,,0.1301,1.0209,0.766,0.0911,,,3.12,0.29,4.4072,0.2845,1.115118198
398,398,,,,,,,,0.9929,0.7956,0.6769,0.101,,,2.91,0.22,3.396,0.239,1.143386518
399,399,,,,,,,,0.2477,2.1586,0.8213,0.1264,,,3.16,0.45,3.8926,0.1677,1.260568334
400,400,,,,,,,,-1.4948,0.4855,1.1269,0.1205,,,3.33,0.17,4.3143,0.2821,4.086281513
401,401,,,,,,,,-0.3751,0.5142,0.884,0.0734,,,3.46,0.19,4.434,0.1584,1.354434467
402,402,,,,,,,,0.2979,1.9112,0.6489,0.0698,,,4.42,0.3,2.1678,0.1468,1.139997383
403,403,,,,,,,,-0.6411,0.6376,0.8781,0.1043,,,2.66,0.21,3.8282,0.2399,1.372390662
404,404,,,,,,,,0.806,0.7307,0.5541,0.0734,,,2.79,0.25,3.8669,0.1878,1.372486395
405,405,,,,,,,,0,0.1999,0.8381,0.0802,,,2.97,0.2,3.897,0.2082,1.210675352
406,406,,,,,,,,-0.8731,0.8145,0.9621,0.0821,,,2.55,0.19,3.6154,0.4486,1.832636005
407,407,,,,,,,,-0.498,0.7766,0.838,0.0939,,,2.98,0.23,3.8593,0.2497,1.232595752
408,408,,,,,,,,-0.6811,0.3754,0.9031,0.0778,,,2.73,0.15,3.4114,0.1829,1.445491262
409,409,,,,,,,,0.2309,0.5845,0.726,0.0545,,,3.03,0.14,3.9484,0.2375,1.047159644
410,410,,,,,,,,0.1041,0.7496,0.6229,0.0541,,,2.82,0.16,4.2613,0.2642,1.176714987
411,411,,,,,,,,-0.3321,1.1053,0.8599,0.0647,,,3.11,0.16,3.9572,0.2618,1.256050591
412,412,,,,,,,,1.0126,1.0471,0.5949,0.1196,,,3.06,0.18,3.4916,0.2086,1.305504657
413,413,,,,,,,,-0.8811,0.7184,1.052,0.2284,,,3.23,0.57,4.0137,0.3154,2.460637399
414,414,,,,,,,,-2.238,0.1609,1.2671,0.1699,,,2.98,0.2,2.9092,0.1967,7.441213313
415,415,,,,,,,,-0.6079,0.8684,0.9201,0.1321,,,3.45,0.32,4.1654,0.2648,1.591166354
416,416,,,,,,,,-0.3081,0.6327,0.8261,0.1019,,,2.98,0.3,3.9,0.2502,1.219915439
417,417,,,,,,,,-1.1631,0.9753,1.091,0.2357,,,2.85,0.35,2.9328,0.512,2.781123704
418,418,,,,,,,,0.3981,1.0419,0.7031,0.1306,,,3.29,0.51,3.6301,0.2687,1.184227096
419,419,,,,,,,,1.1569,1.4705,0.6968,0.1419,,,3.27,0.34,4.0494,0.2946,1.212053901
420,420,,,,,,,,1.7157,2.2133,0.3447,0.1129,,,2.45,0.45,2.3088,0.4321,3.078574841
421,421,,,,,,,,-0.7929,0.6374,0.9721,0.1548,,,3.14,0.37,3.427,0.2389,1.902985811
422,422,,,,,,,,1.0762,2.1528,0.5398,0.1557,,,4.35,1.07,3.3416,0.3315,1.521328216
423,423,,,,,,,,-0.3681,3.0811,0.912,0.1885,,,2.94,0.4,3.1784,0.5154,1.649647592
424,424,,,,,,,,1.289,1.374,0.5179,0.1068,,,3.15,0.41,3.8785,0.2591,1.550700611
425,425,,,,,,,,0.659,1.1936,0.5509,0.0988,,,2.73,0.33,4.0135,0.2839,1.408680443
426,426,,,,,,,,-0.0861,2.7979,0.81,0.0748,,,2.98,0.17,3.7261,0.2251,1.141202475
427,427,,,,,,,,-1.3629,0.5225,1.324,0.1999,,,2.82,0.24,1.7307,0.1233,8.785527571
428,428,,,,,,,,1.4399,1.9158,0.686,0.2174,,,3.71,0.85,3.9209,0.3792,1.418839732
429,429,,,,,,,,1.0499,0.9268,0.5939,0.0634,,,3.39,0.18,2.9332,0.1905,1.244640094
430,430,,,,,,,,0.6511,1.2722,0.6771,0.0945,,,2.89,0.34,2.9565,0.1865,1.133024003
431,431,,,,,,,,0.8137,1.9822,0.2907,0.0897,,,3.05,0.44,2.0381,0.1636,4.258695184
432,432,,,,,,,,1.1989,0.845,0.4331,0.0476,,,2.94,0.14,4.2321,0.2667,2.138835349
433,433,,,,,,,,1.6502,1.474,0.3509,0.0581,,,3.44,0.27,4.1526,0.2701,3.356047861
434,434,,,,,,,,0.5799,0.7088,0.6839,0.0445,,,3.56,0.13,1.9072,0.1179,1.078063122
435,435,,,,,,,,-0.0109,0.3519,0.7611,0.1197,,,3.53,0.4,3.8496,0.2738,1.169297687
436,436,,,,,,,,0.425,2.1289,0.832,0.1939,,,3.21,0.56,3.784,0.3087,1.446290526
437,437,,,,,,,,0.5499,1.3862,0.5871,0.1068,,,3.84,0.31,3.0046,0.2241,1.306564965
438,438,,,,,,,,1.4239,1.6538,0.7469,0.2179,,,2.68,0.28,2.9548,0.2211,1.421342112
439,439,,,,,,,,0.4368,1.3638,0.7109,0.1327,,,3.35,0.45,2.6241,0.1921,1.186793762
440,440,,,,,,,,1.8549,2.4241,0.604,0.1806,,,3.35,0.62,3.3123,0.2894,1.407358641
441,441,,,,,,,,-1.6871,0.492,1.0179,0.1913,,,3.73,0.42,2.9004,0.232,2.221268776
442,442,,,,,,,,-0.6812,0.7819,1.007,0.1823,,,3.69,0.41,2.9337,0.2215,2.144023703
443,443,,,,,,,,0.3549,1.3881,0.5991,0.1014,,,2.89,0.34,3.2922,0.2371,1.269553003
444,444,,,,,,,,0,0.2601,0.7478,0.0838,,,3.26,0.26,2.7252,0.1909,1.092415318
445,445,,,,,,,,0.2331,0.9075,0.7201,0.1103,,,3.57,0.43,3.2549,0.241,1.138322616
446,446,,,,,,,,0.5607,2.7746,0.5658,0.1316,,,2.97,0.54,2.5234,0.2379,1.401733704
447,447,,,,,,,,3.158,1.095,0.864,0.1263,,,3.65,0.42,3.0169,0.1981,1.364580556
448,448,,,,,,,,-0.3311,0.844,0.7689,0.0859,,,3.24,0.27,2.5756,0.1948,1.107787949
449,449,,,,,,,,0.3248,2.621,0.9122,0.1057,,,4.87,0.38,3.242,0.2181,1.520501184
450,450,,,,,,,,-0.2181,1.6426,0.8262,0.0991,,,3.25,0.24,2.6281,0.1854,1.214845668
451,451,,,,,,,,0.9449,2.4485,0.5845,0.0871,,,4.76,0.48,2.7946,0.3302,1.29041862
452,452,,,,,,,,-0.202,0.653,0.7021,0.0806,,,2.94,0.25,2.9965,0.1907,1.093801911
453,453,,,,,,,,0.5811,0.7549,0.668,0.0698,,,3.16,0.17,2.3062,0.1565,1.113182441
454,454,,,,,,,,-0.38,0.6402,0.819,0.0742,,,3.03,0.18,3.1923,0.2228,1.157719072
455,455,,,,,,,,0.4821,1.6626,0.613,0.0646,,,4.17,0.24,3.0236,0.1997,1.201935412
456,456,,,,,,,,1.0768,1.9721,0.3531,0.0989,,,3.17,0.66,3.329,0.3327,3.043620839
457,457,,,,,,,,1.4362,1.959,0.5788,0.1365,,,3.89,0.41,2.8536,0.2121,1.373285327
458,458,,,,,,,,0.1528,2.5169,0.4323,0.111,,,3.57,0.45,2.1966,0.1698,2.094389496
459,459,,,,,,,,-0.123,0.6659,0.872,0.124,,,3.38,0.38,3.8682,0.2486,1.385298179
460,460,,,,,,,,-0.5021,0.5381,0.8621,0.1606,,,2.01,0.33,2.9989,0.2446,1.431364161
461,461,,,,,,,,2.8579,2.2739,0.4209,0.1026,,,3.83,0.35,3.8118,0.2731,2.207342769
462,462,,,,,,,,-0.857,0.645,0.911,0.1205,,,2.62,0.18,3.1907,0.339,1.532987883
463,463,,,,,,,,0.2159,1.019,0.8581,0.0707,,,2.57,0.15,3.4009,0.2307,1.256217381
464,464,,,,,,,,-0.1539,1.0282,0.795,0.1542,,,3.36,0.53,3.3189,0.2568,1.284205453
465,465,,,,,,,,0.9779,1.5964,0.4709,0.0907,,,3.25,0.36,4.1916,0.2863,1.806980047
466,466,,,,,,,,0.9926,2.5986,0.2752,0.0798,,,2.84,0.24,2.8548,0.354,4.730727812
467,467,,,,,,,,0.5122,1.4841,0.6251,0.0793,,,3.69,0.3,3.5219,0.2354,1.188998686
468,468,,,,,,,,2.0621,1.0637,0.3799,0.098,,,3.38,0.25,3.0913,0.2064,2.674935008
469,469,,,,,,,,-0.5238,2.2493,0.7891,0.1744,,,3.2,0.38,4.0832,0.4954,1.329491383
470,470,,,,,,,,0.2539,4.7607,0.6489,0.0876,,,3.45,0.42,2.7488,0.3824,1.157569731
471,471,,,,,,,,-1.4761,0.2336,0.99,0.1406,,,2.48,0.21,2.7632,0.1842,2.032078674
472,472,,,,,,,,0.73,1.3175,0.6501,0.1155,,,3.52,0.43,3.0371,0.217,1.197627447
473,473,,,,,,,,1.5549,1.3426,0.5021,0.1711,,,3.29,0.43,4.3122,0.3383,1.684063589
474,474,,,,,,,,0.2329,0.7762,0.746,0.0597,,,3.43,0.17,3.3873,0.2172,1.052433086
475,475,,,,,,,,-0.0081,0.3234,0.82,0.1565,,,3.24,0.57,3.9495,0.5014,1.328199552
476,476,,,,,,,,0.1031,5.8277,0.6089,0.1405,,,2.81,0.57,3.6504,0.3139,1.311614522
477,477,,,,,,,,1.037,1.8857,0.3569,0.0928,,,3.9,0.38,3.6688,0.2829,3.023563228
478,478,,,,,,,,1.8101,2.1184,0.6,0.1149,,,3.08,0.36,3.7711,0.2657,1.286373943
479,479,,,,,,,,1.3659,0.7706,0.399,0.0638,,,2.53,0.28,3.6726,0.2445,2.531927355
480,480,,,,,,,,1.4729,0.6805,0.4591,0.0675,,,2.96,0.2,3.081,0.1867,1.894399082
481,481,,,,,,,,0.6453,0.8484,0.4371,0.0752,,,2.45,0.2,3.0428,0.1631,2.084214944
482,482,,,,,,,,0.9148,1.3412,0.6472,0.0877,,,3.55,0.31,3.8863,0.2565,1.160207439
483,483,,,,,,,,1.382,0.9958,0.4998,0.0765,,,3.54,0.25,4.2633,0.2549,1.620880691
484,484,,,,,,,,1.7461,2.0159,0.4008,0.1147,,,3.81,0.73,4.3157,0.361,2.381397389
485,485,,,,,,,,1.1075,1.0549,0.5058,0.0445,,,3.09,0.09,4.3402,0.2746,1.572581799
486,486,,,,,,,,0.0561,3.537,0.747,0.1209,,,2.97,0.41,3.9113,0.2743,1.164352327
487,487,,,,,,,,1.5481,1.8041,0.325,0.1095,,,2.96,0.83,4.054,0.4543,3.407491414
488,488,,,,,,,,0.2869,0.6976,0.758,0.0329,,,3.26,0.08,2.4701,0.1496,1.015166381
489,489,,,,,,,,-1.1669,0.6035,0.9099,0.2495,,,2.42,0.37,2.5034,0.454,1.780718199
490,490,,,,,,,,0.8001,1.3542,0.633,0.1092,,,3.29,0.28,3.9086,0.2671,1.212548194
491,491,,,,,,,,0.5088,2.2551,0.44,0.032,,,4.44,0.26,2.349,0.2425,2.069305229
492,492,,,,,,,,0.4409,2.5939,0.5571,0.0409,,,4.09,0.25,3.0948,0.3363,1.330329474
493,493,,,,,,,,0,1.1602,1.0709,0.3281,,,4.44,1.16,5.0167,0.579,2.612354625
494,494,,,,,,,,1.0099,0.9403,0.734,0.1254,,,3.15,0.3,5.6677,0.3033,1.170368589
495,495,,,,,,,,0.5541,1.0976,0.6242,0.0744,,,3.32,0.21,3.7902,0.2474,1.186422921
496,496,,,,,,,,0.7621,1.5631,0.675,0.1448,,,2.6,0.44,4.1471,0.3255,1.231533888
497,497,,,,,,,,0.8459,1.0128,0.58,0.1031,,,2.75,0.19,3.7659,0.2527,1.321062233
498,498,,,,,,,,0.0333,0.2223,0.954,0.1675,,,2.19,0.35,3.7905,0.2143,1.804961635
499,499,,,,,,,,2.942,1.6357,-0.0504,0.0332,,,2.29,0.56,4.3975,0.448,20.38164359
500,500,,,,,,,,1.5871,1.4488,0.7919,0.1827,,,2.51,0.4,3.5959,0.2786,1.355252716
501,501,,,,,,,,1.162,1.8776,0.4049,0.0805,,,3.44,0.34,3.8864,0.2694,2.419859972
502,502,,,,,,,,0.3111,1.562,0.5258,0.0328,,,3.69,0.12,3.5622,0.2392,1.459099328
503,503,,,,,,,,1.409,1.8673,0.3319,0.0691,,,3.37,0.29,4.4759,0.3209,3.648105149
504,504,,,,,,,,3.4362,2.8856,0.1131,0.0978,,,3.72,0.75,2.7773,0.5119,8.643849442
505,505,,,,,,,,2.1701,1.1661,0.161,0.0413,,,3.86,0.52,3.1066,0.2204,7.349212667
506,506,,,,,,,,-1.1859,1.4467,1.1699,0.1241,,,2.97,0.16,3.5327,0.9847,5.161686323
507,507,,,,,,,,1.6529,0.7948,0.3111,0.0463,,,3.86,0.24,2.5422,0.1445,4.379902106
508,508,,,,,,,,1.8322,1.039,0.1451,0.0447,,,3.89,0.2,3.3496,0.2225,7.794448964
509,509,,,,,,,,2.5051,0.3203,0.015,0.0059,,,3.95,0.13,3.8727,0.1611,10.61441262
510,510,,,,,,,,1.3087,1.0011,0.1228,0.0264,,,5.74,0.4,3.6697,0.2348,8.40267585
511,511,,,,,,,,-0.001,0.328,0.7639,0.0951,,,3.28,0.36,3.6966,0.2614,1.121136561
512,512,,,,,,,,-1.8099,0.3452,1.182,0.2102,,,3.02,0.33,3.2282,0.2222,4.138068751
513,513,,,,,,,,0.464,1.3149,0.6352,0.0543,,,3.35,0.18,3.7868,0.231,1.154694915
514,514,,,,,,,,0.8969,2.6002,0.9191,0.2239,,,4.92,0.91,6.3206,0.5029,1.749290519
515,515,,,,,,,,1.573,1.0978,0.4331,0.0826,,,3.53,0.38,3.8428,0.2613,2.116104704
516,516,,,,,,,,1.1653,0.8664,0.4624,0.0512,,,3.37,0.12,4.0188,0.2554,1.869953448
517,517,,,,,,,,0.0051,0.2555,0.728,0.0938,,,2.55,0.24,3.3941,0.2462,1.107061144
518,518,,,,,,,,0.635,1.49,0.5869,0.0747,,,3.29,0.3,3.0402,0.3112,1.272047987
519,519,,,,,,,,1.7121,1.9892,0.4958,0.1078,,,4.33,0.3,4.0593,0.2751,1.661408563
520,520,,,,,,,,-0.6061,0.8508,0.9879,0.1445,,,2.98,0.29,3.065,0.2153,2.013984915
521,521,,,,,,,,1.62,1.3989,0.3799,0.0932,,,3.15,0.46,3.4431,0.2535,2.69431733
522,522,,,,,,,,-1.352,0.4558,1.0711,0.1581,,,2.95,0.29,2.9062,0.2037,2.81047264
523,523,,,,,,,,0.3171,1.3354,0.7149,0.1079,,,3.21,0.38,3.9533,0.286,1.134485258
524,524,,,,,,,,-0.4128,0.6122,0.873,0.0858,,,3.13,0.25,3.6752,0.2364,1.326339239
525,525,,,,,,,,-0.8821,2.4786,0.9631,0.1817,,,3.73,0.39,3.9506,0.683,1.868462485
526,526,,,,,,,,0.5101,1.2716,0.668,0.1052,,,2.99,0.34,3.4621,0.244,1.158949995
527,527,,,,,,,,1.1239,0.9877,0.46,0.0799,,,3.68,0.26,3.6172,0.243,1.886147463
528,528,,,,,,,,0.8499,1.2644,0.466,0.0876,,,3.03,0.35,4.1043,0.2911,1.84116395
529,529,,,,,,,,1.2578,1.2773,0.5455,0.097,,,3.49,0.24,4.0739,0.2641,1.426629216
530,530,,,,,,,,0.725,1.5399,0.656,0.1009,,,3.54,0.45,3.5724,0.2486,1.166016254
531,531,,,,,,,,1.718,1.2677,0.4099,0.0938,,,4.17,0.33,3.9984,0.2704,2.334321603
532,532,,,,,,,,1.5675,0.8784,0.4356,0.0646,,,3.28,0.15,3.4425,0.2241,2.105841547
533,533,,,,,,,,1.2491,1.1003,0.3721,0.0875,,,3.18,0.26,3.7588,0.2585,2.826836165
534,534,,,,,,,,0.0706,1.0912,0.8248,0.1372,,,3.33,0.19,3.6045,0.2397,1.291448503
535,535,,,,,,,,-1.217,0.4069,1.0151,0.1294,,,3.36,0.32,3.5584,0.2431,2.269497687
536,536,,,,,,,,1.4841,1.1974,0.4052,0.0805,,,3.87,0.22,3.7227,0.2463,2.416295357
537,537,,,,,,,,0.303,0.331,0.7209,0.0456,,,3.33,0.15,3.4978,0.1619,1.038932519
538,538,,,,,,,,2.5459,1.9506,0.136,0.0837,,,3.23,0.26,4.6544,0.6096,8.034254428
539,539,,,,,,,,0.1219,0.7561,0.925,0.0697,,,3.07,0.18,3.2311,0.2107,1.559586659
540,540,,,,,,,,2.3379,2.5348,0.3151,0.1123,,,2.7,0.76,4.1222,0.5674,3.547732599
541,541,,,,,,,,1.8889,0.9274,0.197,0.0721,,,3.45,0.23,5.3484,0.3591,6.568270894
542,542,,,,,,,,-0.8065,0.6479,0.7469,0.1926,,,2.72,0.3,2.7453,0.1876,1.346916778
543,543,,,,,,,,0.0349,4.5701,0.6899,0.0842,,,3.29,0.3,3.5803,0.2398,1.107187321
544,544,,,,,,,,0.6501,1.865,0.6009,0.1361,,,3.37,0.41,4.0119,0.3934,1.319835463
545,545,,,,,,,,-0.0081,0.3533,0.703,0.0966,,,3.54,0.34,3.4736,0.251,1.118144809
546,546,,,,,,,,0.267,0.6966,0.809,0.0907,,,3.24,0.32,3.8324,0.2422,1.166322635
547,547,,,,,,,,0.2709,0.7346,0.742,0.0993,,,2.62,0.29,3.5103,0.2203,1.118786988
548,548,,,,,,,,2.4651,1.5247,0.2229,0.0758,,,2.96,0.42,1.6545,0.1529,5.957573985
549,549,,,,,,,,1.4099,1.3311,0.32,0.1203,,,3.03,0.62,3.9801,0.3639,3.398445419
550,550,,,,,,,,1.6688,1.6259,0.28,0.0636,,,4.21,0.36,2.9056,0.1962,4.864989296
551,551,,,,,,,,2.4421,0.4245,-0.0201,0.007,,,5.03,0.11,2.4246,0.1594,14.34194377
552,552,,,,,,,,1.767,1.7396,0.3981,0.0876,,,3.52,0.51,3.505,0.2516,2.483456794
553,553,,,,,,,,0.4689,1.7695,0.4511,0.0475,,,4.57,0.29,2.5158,0.1755,1.966291901
554,554,,,,,,,,1.196,1.3657,0.4581,0.07,,,3.61,0.37,3.5656,0.2465,1.902193571
555,555,,,,,,,,-0.0048,0.3224,0.5901,0.1089,,,3.23,0.07,3.5715,0.6254,1.301654938
556,556,,,,,,,,1.6769,1.6633,0.2771,0.0711,,,3.26,0.31,3.5304,0.2918,4.817353717
557,557,,,,,,,,0.5709,3.064,0.771,0.1447,,,3.38,0.49,3.1246,0.3672,1.234813021
558,558,,,,,,,,-0.6401,0.5091,0.826,0.0972,,,2.86,0.21,3.0933,0.2134,1.210894657
559,559,,,,,,,,0.8729,1.0404,0.6109,0.0525,,,3.39,0.14,3.7317,0.2139,1.199357088
560,560,,,,,,,,0.9291,0.9071,0.4479,0.0458,,,3.44,0.1,3.7679,0.241,1.995365729
561,561,,,,,,,,1.0449,0.61,0.5041,0.0438,,,3.53,0.14,3.2979,0.1764,1.582501317
562,562,,,,,,,,-0.0802,1.6746,0.5705,0.0649,,,3.47,0.12,2.719,0.1182,1.310397021
563,563,,,,,,,,0.57,0.9186,0.57,0.0356,,,2.92,0.09,4.0258,0.2593,1.282976674
564,564,,,,,,,,1.322,0.7907,0.455,0.0491,,,3.53,0.15,2.969,0.197,1.931943101
565,565,,,,,,,,1.074,1.1556,0.491,0.0894,,,3.52,0.38,3.8182,0.2482,1.678700234
566,566,,,,,,,,1.466,2.3835,0.3789,0.0673,,,3.35,0.41,4.1286,0.4452,2.813270834
567,567,,,,,,,,0.1001,0.6315,0.7441,0.0334,,,3.37,0.09,2.8078,0.1655,1.013682505
568,568,,,,,,,,-0.5011,0.6769,0.906,0.0619,,,2.99,0.11,2.8244,0.1925,1.44611073
569,569,,,,,,,,0.434,0.6779,0.7621,0.1361,,,3.01,0.49,3.2781,0.2039,1.207196365
570,570,,,,,,,,0.857,1.6547,0.494,0.0864,,,2.65,0.05,3.3329,0.2252,1.659651286
571,571,,,,,,,,-0.6149,1.7077,0.9091,0.0565,,,2.77,0.08,3.1387,0.5251,1.457853943
572,572,,,,,,,,0,0.3698,1.1242,0.1604,,,3.32,0.37,3.3332,0.24,3.592130848
573,573,,,,,,,,0.3129,5.4225,0.808,0.1135,,,3.18,0.3,2.9819,0.4458,1.209287114
574,574,,,,,,,,-0.534,1.0703,0.851,0.191,,,2.83,0.45,3.3865,0.2682,1.477428547
575,575,,,,,,,,-0.2929,2.0595,0.6681,0.1118,,,2.98,0.27,4.3908,0.304,1.170180634
576,576,,,,,,,,1.4469,0.9099,0.448,0.0743,,,2.73,0.25,3.6741,0.2397,1.985857502
577,577,,,,,,,,-1.157,0.4194,0.9889,0.1761,,,2.68,0.33,3.8048,0.2915,2.018940145
578,578,,,,,,,,1.3799,2.2031,0.6239,0.1807,,,3.31,0.66,4.5585,0.4081,1.3749223
579,579,,,,,,,,1.9789,1.1922,0.3709,0.0724,,,2.93,0.39,3.6602,0.2382,2.917062507
580,580,,,,,,,,2.0739,0.6736,0.254,0.0465,,,2.54,0.2,4.3756,0.2614,5.67122337
581,581,,,,,,,,0.942,0.6305,0.38,0.0422,,,2.74,0.13,4.1099,0.1423,2.873169706
582,582,,,,,,,,1.5849,1.773,0.4352,0.1072,,,3.71,0.41,3.8304,0.2749,2.073791523
583,583,,,,,,,,-0.608,0.7909,0.875,0.1501,,,3.16,0.5,3.4813,0.259,1.445998886
584,584,,,,,,,,-0.749,1.0209,0.7161,0.0964,,,4.21,0.35,2.92,0.1973,1.11318828
585,585,,,,,,,,0.565,1.2432,0.633,0.0551,,,3.42,0.17,3.0524,0.2003,1.158777204
586,586,,,,,,,,-1.045,0.6148,0.9779,0.1445,,,3.08,0.28,3.3599,0.3335,1.940589298
587,587,,,,,,,,0.101,1.9928,0.8482,0.0809,,,3.29,0.21,3.3906,0.2285,1.239044384
588,588,,,,,,,,-1.265,0.4322,1.1021,0.1384,,,2.79,0.25,2.9097,0.2075,3.396805692
589,589,,,,,,,,0.252,1.0415,0.7311,0.0418,,,3.32,0.11,3.1545,0.2068,1.028493949
590,590,,,,,,,,-0.9271,0.1958,1.0889,0.1138,,,2.61,0.24,3.4242,0.1782,3.371696345
591,591,,,,,,,,-0.7371,0.1863,0.936,0.0632,,,2.57,0.11,3.7189,0.1906,1.626870895
592,592,,,,,,,,0.7781,0.7473,0.595,0.0628,,,3.14,0.16,4.2187,0.2839,1.24148047
593,593,,,,,,,,0.3299,1.2665,0.7491,0.0474,,,3.08,0.11,2.7828,0.1839,1.033886608
594,594,,,,,,,,0.7219,0.9292,0.6551,0.0674,,,2.75,0.17,4.2508,0.2804,1.128908324
595,595,,,,,,,,-0.2449,0.7917,0.822,0.1006,,,2.78,0.26,3.6115,0.2419,1.208975674
596,596,,,,,,,,0.6509,0.5813,0.6729,0.0412,,,2.71,0.1,4.3223,0.2341,1.0935879
597,597,,,,,,,,-0.6461,0.7032,0.963,0.1897,,,2.84,0.5,4.2716,0.2838,1.876579934
598,598,,,,,,,,1.4752,1.6558,0.4261,0.1111,,,4.21,0.66,4.611,0.337,2.147681495
599,599,,,,,,,,0.5939,0.8966,0.6,0.0507,,,2.77,0.15,4.0719,0.1982,1.221338135
600,600,,,,,,,,0.6679,1.0881,0.6721,0.0702,,,2.6,0.19,3.6813,0.2348,1.10850802
601,601,,,,,,,,-0.722,0.8149,1.0139,0.1928,,,2.14,0.28,3.2331,0.401,2.191639274
602,602,,,,,,,,-1.1251,0.5443,1.2561,0.3044,,,2.68,0.66,3.4239,0.3161,4.456273273
603,603,,,,,,,,0.0101,0.2989,0.7951,0.0483,,,2.98,0.12,2.781,0.188,1.078575145
604,604,,,,,,,,-0.5261,0.534,0.7619,0.1142,,,2.62,0.36,4.0145,0.3059,1.158038695
605,605,,,,,,,,0.3141,1.7486,0.8851,0.2067,,,3.17,0.69,2.63,0.2311,1.602954109
606,606,,,,,,,,0.0033,0.6378,0.7591,0.1629,,,3.04,0.36,3.8435,0.2836,1.272029573
607,607,,,,,,,,-0.8169,0.5557,0.8981,0.1146,,,3.37,0.24,3.1571,0.2029,1.467278551
608,608,,,,,,,,0.4949,0.9656,0.605,0.0595,,,3.13,0.14,3.5865,0.2419,1.215909323
609,609,,,,,,,,0.2079,0.8501,0.975,0.0539,,,2.58,0.09,2.0799,0.1517,1.961003995
610,610,,,,,,,,0.8189,0.9335,0.5321,0.0531,,,3.09,0.19,4.2462,0.2349,1.441890408
611,611,,,,,,,,1.0399,0.9089,0.4631,0.0603,,,2.9,0.19,4.1123,0.2561,1.863046083
612,612,,,,,,,,0.3721,1.0928,0.5918,0.0889,,,3.38,0.42,3.3576,0.2136,1.272925308
613,613,,,,,,,,0.48,1.0211,0.7721,0.0711,,,2.82,0.16,3.5087,0.2184,1.084690348
614,614,,,,,,,,0.0809,1.2509,0.6798,0.0623,,,4.42,0.26,2.7941,0.1895,1.092836769
615,615,,,,,,,,-0.5249,0.7172,0.954,0.1393,,,2.77,0.35,3.4657,0.2031,1.782071877
616,616,,,,,,,,1.5499,0.8536,0.4691,0.065,,,3.37,0.21,4.1258,0.2231,1.816769017
617,617,,,,,,,,0.434,0.8448,0.6611,0.1076,,,2.78,0.34,3.5904,0.2373,1.170515727
618,618,,,,,,,,0.485,1.1652,0.727,0.1241,,,2.82,0.38,3.5917,0.2489,1.166691382
619,619,,,,,,,,-2.2719,0.06,1.733,0.3429,,,2.42,0.29,2.6361,0.2192,27.26576056
620,620,,,,,,,,-0.1,1.5448,0.9261,0.1322,,,3.39,0.32,3.3789,0.2493,1.620838948
621,621,,,,,,,,-0.6809,0.786,0.9161,0.1586,,,2.02,0.26,3.3725,0.4258,1.611714075
622,622,,,,,,,,-1.0231,0.4927,1.0039,0.0944,,,3.37,0.2,3.1094,0.1887,2.22684407
623,623,,,,,,,,0.6239,0.5325,0.5291,0.038,,,3.14,0.12,3.552,0.2417,1.445087011
624,624,,,,,,,,0.7055,0.7179,0.5448,0.0379,,,3.01,0.11,3.9991,0.1527,1.374086936
625,625,,,,,,,,0.36,1.0432,0.613,0.0406,,,3.03,0.11,3.4934,0.2363,1.190288951
626,626,,,,,,,,0.5961,0.8616,0.5401,0.0356,,,2.8,0.09,3.6318,0.2152,1.392027434
627,627,,,,,,,,0.1091,1.2332,0.7251,0.0594,,,2.79,0.15,3.6391,0.2064,1.054066068
628,628,,,,,,,,0.326,0.8484,0.577,0.0519,,,2.95,0.14,3.8507,0.2542,1.279468691
629,629,,,,,,,,0.638,1.8674,0.66,0.1342,,,3.1,0.45,4.2466,0.3258,1.221961938
630,630,,,,,,,,1.7079,2.6381,0.4351,0.1286,,,2.87,0.63,3.6224,0.3445,2.054859585
631,631,,,,,,,,0.245,5.2379,0.5821,0.1122,,,2.71,0.49,3.7392,0.5824,1.327181203
632,632,,,,,,,,-0.4019,0.7392,0.924,0.1974,,,2.69,0.44,2.9646,0.2353,1.712299493
633,633,,,,,,,,-0.264,1.0849,0.864,0.0929,,,3.15,0.3,2.2198,0.1331,1.305508823
634,634,,,,,,,,1.141,0.8186,0.607,0.0661,,,3.29,0.2,3.8958,0.2272,1.215935008
635,635,,,,,,,,0.3569,0.8923,0.666,0.0997,,,3.03,0.42,3.8777,0.2511,1.152279772
636,636,,,,,,,,1.0489,0.9716,0.528,0.0944,,,3.42,0.51,3.6531,0.2463,1.494809604
637,637,,,,,,,,-1.8809,0.3353,1.1201,0.2066,,,2.78,0.26,2.3316,0.1646,3.202236303
638,638,,,,,,,,0.5689,1.2521,0.6811,0.0738,,,3.1,0.19,3.2095,0.2124,1.102160858
639,639,,,,,,,,0.5589,0.5976,0.6401,0.0351,,,2.85,0.1,4.6793,0.2154,1.146053364
640,640,,,,,,,,-0.4771,0.563,0.82,0.0405,,,3.07,0.07,3.3207,0.2268,1.12508994
641,641,,,,,,,,0.261,0.6122,0.7981,0.0361,,,2.78,0.08,3.363,0.2022,1.070203852
642,642,,,,,,,,0.515,0.763,0.743,0.0442,,,2.89,0.1,3.4546,0.1904,1.02871372
643,643,,,,,,,,0,0.0801,0.8381,0.0256,,,2.88,0.08,3.4428,0.3351,1.179437388
644,644,,,,,,,,-1.2371,0.3745,1.1541,0.2044,,,3.05,0.41,3.7151,0.268,3.710619595
645,645,,,,,,,,1.2529,1.0782,0.584,0.0623,,,3.16,0.11,2.9964,0.1993,1.269297503
646,646,,,,,,,,-0.5671,1.7004,0.7811,0.1005,,,3.17,0.18,3.7064,0.4457,1.146570047
647,647,,,,,,,,0.703,0.9922,0.715,0.1093,,,3.07,0.26,3.2894,0.2357,1.137152908
648,648,,,,,,,,1.1171,1.2638,0.4479,0.1271,,,2.61,0.39,3.0055,0.2452,1.961773884
649,649,,,,,,,,-0.808,0.5903,1.0099,0.0889,,,2.86,0.14,4.2654,0.2643,2.31011194
650,650,,,,,,,,0.3209,0.8246,0.6611,0.0531,,,2.92,0.15,3.7628,0.2247,1.11293615
651,651,,,,,,,,0.5829,0.9464,0.632,0.0781,,,2.76,0.15,3.1815,0.2185,1.175094572
652,652,,,,,,,,0.1995,1.3504,0.7315,0.0784,,,2.79,0.21,3.9163,0.2745,1.081049494
653,653,,,,,,,,0.4439,0.775,0.625,0.0766,,,2.37,0.19,3.7782,0.2485,1.186749169
654,654,,,,,,,,1.6779,1.0591,0.4599,0.0782,,,3.02,0.23,3.2158,0.2171,1.887066317
655,655,,,,,,,,0.2872,0.8774,0.6541,0.0531,,,3.18,0.17,3.854,0.2475,1.123534304
656,656,,,,,,,,-0.3549,0.8254,0.906,0.0603,,,2.86,0.12,3.3572,0.2128,1.444796694
657,657,,,,,,,,0.4971,1.0218,0.6861,0.0634,,,3.14,0.2,3.3454,0.1938,1.086790738
658,658,,,,,,,,0.3359,0.6077,0.697,0.0472,,,3.19,0.14,2.7856,0.1559,1.062692572
659,659,,,,,,,,-0.0009,0.29,0.6919,0.0711,,,2.9,0.32,3.1843,0.2103,1.089035013
660,660,,,,,,,,-1.0221,0.6049,0.8859,0.1565,,,2.36,0.22,4.0668,0.3472,1.494123043
661,661,,,,,,,,0.3171,0.4541,0.573,0.066,,,2.66,0.24,4.1555,0.2022,1.303801914
662,662,,,,,,,,0.6121,1.0666,0.5809,0.0694,,,2.94,0.22,4.0425,0.2601,1.283866702
663,663,,,,,,,,-0.3159,1.2552,0.7641,0.0721,,,2.93,0.14,3.5893,0.3045,1.080303615
664,664,,,,,,,,0.4692,0.9078,0.6431,0.058,,,3.24,0.14,3.5518,0.2231,1.142598729
665,665,,,,,,,,0.9759,1.4256,0.5929,0.0729,,,3.24,0.19,3.6188,0.2417,1.254825666
666,666,,,,,,,,-0.0019,0.3237,0.7141,0.0544,,,3.24,0.14,3.4635,0.2285,1.053487504
667,667,,,,,,,,0.6371,0.7449,0.61,0.0549,,,2.97,0.12,3.3968,0.2298,1.202458122
668,668,,,,,,,,1.2961,1.0323,0.372,0.0518,,,3.55,0.13,3.1702,0.212,2.98780723
669,669,,,,,,,,1.443,0.6407,0.413,0.0339,,,2.85,0.11,3.6635,0.2029,2.368608998
670,670,,,,,,,,2.4189,1.0467,0.2321,0.0712,,,2.78,0.35,2.7315,0.2011,5.813154741
671,671,,,,,,,,0.001,0.318,0.746,0.048,,,3.18,0.14,3.3258,0.2591,1.034400361
672,672,,,,,,,,1.9021,0.7982,-0.0552,0.0166,,,5.02,0.26,2.0539,0.1384,20.85407137
673,673,,,,,,,,-0.4071,0.6427,0.7931,0.0821,,,3.02,0.21,3.0591,0.1967,1.126671964
674,674,,,,,,,,1.087,2.252,0.216,0.055,,,3.79,0.7,3.8846,0.4797,6.295241254
675,675,,,,,,,,1.3699,1.6554,0.3762,0.0622,,,4.12,0.4,3.4592,0.2354,2.875867995
676,676,,,,,,,,0.8101,1.2439,0.4708,0.1119,,,3.94,0.63,4.4025,0.3493,1.810044724
677,677,,,,,,,,2.5091,1.9755,0.9006,0.2039,,,4.12,0.46,7.408,0.5125,1.643162446
678,678,,,,,,,,1.3971,1.7516,0.47,0.1981,,,2.41,0.94,3.7359,0.6587,1.853642122
679,679,,,,,,,,0.5969,1.2499,0.4812,0.0616,,,3.26,0.2,3.3846,0.2307,1.730047237
680,680,,,,,,,,1.3299,1.3732,0.4271,0.1242,,,3.61,0.79,3.9317,0.3593,2.122749701
681,681,,,,,,,,0.629,0.8707,0.5861,0.083,,,3.18,0.25,3.6777,0.2746,1.281938812
682,682,,,,,,,,0.3959,1.0237,0.6581,0.0715,,,3.19,0.21,3.5439,0.2396,1.127795596
683,683,,,,,,,,1.91,0.8412,0.46,0.0745,,,3.04,0.25,3.8119,0.2511,1.886581391
684,684,,,,,,,,0.5461,0.9306,0.4869,0.0454,,,3.22,0.19,3.8039,0.2526,1.691018888
685,685,,,,,,,,0.5149,0.8459,0.5511,0.0553,,,3.35,0.21,3.5162,0.2339,1.366531757
686,686,,,,,,,,0.8959,1.269,0.3731,0.1032,,,2.68,0.53,2.6617,0.2374,2.740807654
687,687,,,,,,,,0.2928,0.4779,0.712,0.0664,,,3.19,0.25,4.417,0.1062,1.069199817
688,688,,,,,,,,1.1691,0.6312,0.264,0.0295,,,3.01,0.06,1.3316,0.0877,5.671128712
689,689,,,,,,,,-0.4509,0.773,0.81,0.0394,,,3.01,0.05,3.2243,0.2209,1.099542029
690,690,,,,,,,,1.2531,1.364,0.411,0.1409,,,2.58,0.74,3.4234,0.3982,2.232975498
691,691,,,,,,,,0.1181,1.1091,0.783,0.072,,,3.81,0.3,2.2482,0.1519,1.097014405
692,692,,,,,,,,1.4271,0.5952,0.4441,0.0482,,,2.68,0.17,3.5673,0.2046,2.029999333
693,693,,,,,,,,1.6529,1.1787,0.6151,0.0906,,,3.03,0.21,2.5694,0.1682,1.22075754
694,694,,,,,,,,1.1309,1.8884,0.473,0.0787,,,3.04,0.32,3.8705,0.4383,1.790385724
695,695,,,,,,,,0.775,2.4154,0.553,0.0838,,,2.92,0.33,3.7003,0.3685,1.386126653
696,696,,,,,,,,0.0151,1.5621,0.7531,0.0477,,,2.91,0.08,3.3182,0.224,1.035318083
697,697,,,,,,,,-0.4749,1.4353,0.9129,0.1589,,,3.16,0.33,3.9502,0.2775,1.598891639
698,698,,,,,,,,0.2971,1.5329,0.736,0.0805,,,3.05,0.24,4.1856,0.2594,1.084523087
699,699,,,,,,,,-0.5549,0.5795,0.9089,0.0878,,,2.62,0.16,3.5955,0.2248,1.484543349
700,700,,,,,,,,0.33,0.6246,0.7091,0.0794,,,2.56,0.21,4.002,0.2566,1.088373353
701,701,,,,,,,,1.0909,1.1138,0.5799,0.1011,,,2.8,0.31,4.0157,0.2645,1.318893677
702,702,,,,,,,,0.4301,0.8271,0.6739,0.052,,,2.97,0.16,3.837,0.2337,1.09433238
703,703,,,,,,,,-0.1749,0.8132,0.8531,0.0796,,,3.25,0.32,4.6917,0.288,1.25162516
704,704,,,,,,,,0.0441,1.8273,0.789,0.0859,,,2.61,0.25,3.6401,0.2362,1.128089805
705,705,,,,,,,,0.1911,1.0662,0.836,0.0637,,,2.77,0.15,3.4023,0.2076,1.184006892
706,706,,,,,,,,-0.786,0.7121,0.922,0.1036,,,3.03,0.2,4.3789,0.2811,1.569238527
707,707,,,,,,,,0.021,6.5845,0.737,0.0599,,,2.8,0.17,4.5923,0.3087,1.052279204
708,708,,,,,,,,-0.6031,1.9331,0.843,0.1396,,,2.89,0.25,3.9461,0.5301,1.336087811
709,709,,,,,,,,-0.2231,0.6436,0.7959,0.0748,,,3.04,0.19,4.0601,0.2553,1.118236799
710,710,,,,,,,,0,0.17,0.8,0.0708,,,2.82,0.17,4.032,0.2327,1.118036317
711,711,,,,,,,,-0.1851,0.6489,0.7581,0.063,,,3,0.19,3.8151,0.1676,1.061761508
712,712,,,,,,,,0.0041,1.0342,0.654,0.0456,,,4.07,0.18,2.862,0.1857,1.122769361
713,713,,,,,,,,0.7739,0.8026,0.6399,0.045,,,3.19,0.12,3.467,0.2312,1.145328293
714,714,,,,,,,,0.279,0.7372,0.8,0.0592,,,3.02,0.14,3.3162,0.2003,1.101081062
715,715,,,,,,,,0.3479,0.5424,0.6889,0.0408,,,3.02,0.13,3.9579,0.2414,1.069906804
716,716,,,,,,,,0.0029,1.9264,0.7641,0.0527,,,2.88,0.13,3.9467,0.2319,1.04862503
717,717,,,,,,,,0.8831,0.5945,0.4221,0.034,,,3.09,0.15,4.5403,0.2285,2.257523482
718,718,,,,,,,,0.077,2.8592,0.7211,0.0509,,,2.78,0.11,3.3197,0.2391,1.04499936
719,719,,,,,,,,0.8969,0.6549,0.4439,0.0431,,,2.93,0.12,3.5628,0.2378,2.032764472
720,720,,,,,,,,0.2751,0.2611,0.71,0.0357,,,3.05,0.09,3.7257,0.2304,1.039661184
721,721,,,,,,,,-0.4239,0.769,0.77,0.0854,,,3.5,0.29,2.449,0.1675,1.107760663
722,722,,,,,,,,0.524,1.4137,0.693,0.0689,,,3.85,0.28,2.631,0.1679,1.085634701
723,723,,,,,,,,0.5538,1.8012,0.7771,0.1352,,,3.44,0.36,2.9064,0.2064,1.217608067
724,724,,,,,,,,0.252,1.7873,0.7191,0.0806,,,3.15,0.24,3.4775,0.2296,1.086459136
725,725,,,,,,,,0.8981,1.0741,0.702,0.0799,,,3.06,0.22,3.51,0.2329,1.092876708
726,726,,,,,,,,1.2061,0.8978,0.3909,0.0413,,,2.97,0.14,3.9013,0.2556,2.688980425
727,727,,,,,,,,0.5261,1.1631,0.6619,0.0551,,,3.01,0.15,3.3897,0.2249,1.112401495
728,728,,,,,,,,0.0976,0.3183,0.7864,0.1341,,,3.09,0.39,3.419,0.6685,1.224934266
729,729,,,,,,,,1.969,1.1424,0.1779,0.0598,,,3.69,0.48,3.0785,0.2189,7.036660826
730,730,,,,,,,,1.275,0.5545,0.491,0.0468,,,3.04,0.14,4.1566,0.2359,1.663775074
731,731,,,,,,,,0.527,1.0957,0.5591,0.102,,,3.12,0.48,4.5448,0.2481,1.383798798
732,732,,,,,,,,0.525,0.51,0.555,0.0311,,,3.75,0.15,2.8282,0.1267,1.327220157
733,733,,,,,,,,-0.2619,0.8363,0.7699,0.0615,,,2.81,0.14,3.7842,0.2419,1.067066398
734,734,,,,,,,,0.1,0.6914,0.7199,0.0713,,,2.85,0.23,3.4087,0.2171,1.072391404
735,735,,,,,,,,1.1021,1.1699,0.4739,0.0797,,,3.51,0.35,3.7191,0.2782,1.784329588
736,736,,,,,,,,0.5191,1.4094,0.5521,0.0498,,,2.68,0.21,3.9991,0.3651,1.357492932
737,737,,,,,,,,0.742,0.7652,0.9199,0.0752,,,2.44,0.21,3.365,0.2187,1.533250219
738,738,,,,,,,,-0.1564,1.0656,0.7881,0.0494,,,2.87,0.11,3.2781,0.2169,1.068989404
739,739,,,,,,,,-0.4931,0.4794,0.849,0.0525,,,2.69,0.1,3.678,0.1389,1.212261461
740,740,,,,,,,,1.9487,1.8217,0.189,0.0759,,,3.23,0.53,3.2558,0.3231,6.719983044
741,741,,,,,,,,0.2559,1.1053,0.6119,0.0966,,,3.01,0.33,4.7768,0.3318,1.234678863
742,742,,,,,,,,1.6699,1.2581,0.3651,0.0798,,,3.31,0.43,4.6839,0.3266,2.971230509
743,743,,,,,,,,1.8939,1.6108,0.3149,0.0744,,,3.74,0.58,3.3283,0.2484,3.942869219
744,744,,,,,,,,1.19,1.103,0.35,0.0601,,,3.85,0.05,3.2689,0.2141,3.359954
745,745,,,,,,,,2.3691,1.0069,0.1149,0.0278,,,5.06,0.32,1.4057,0.1575,8.837153613
746,746,,,,,,,,-4.938,0.634,2.267,0.204,,,3.3,0.38,0.362,0.2941,174.3330642
747,747,,,,,,,,-5.17,0.289,2.382,0.092,,,2.65,0.17,0.489,0.3279,155.262103
748,748,,,,,,,,-4.495,0.687,2.264,0.222,,,2.4,0.3,-0.123,0.1002,176.3935043
749,749,,,,,,,,-5.382,0.808,2.328,0.276,,,3.14,0.34,0.314,0.2565,193.9990936
750,750,,,,,,,,-0.856,0.246,1.038,0.074,,,2.05,0.17,2.1886,0.3066,2.76945489
751,751,,,,,,,,-1.547,0.509,1.247,0.197,,,3.27,0.24,1.5745,0.4177,5.916640999
752,752,,,,,,,,-2.689,0.487,1.58,0.23,,,2.83,0.23,1.9219,0.3602,29.22460595
753,753,,,,,,,,-2.443,0.662,1.373,0.275,,,3.35,0.33,1.7318,0.5691,7.791124392
754,754,,,,,,,,-1.139,0.493,1.101,0.205,,,0.64,0.19,1.3227,0.4827,2.974940889
755,755,,,,,,,,-3.083,0.612,1.509,0.237,,,1.68,0.19,1.2531,0.3541,19.11516459
756,756,,,,,,,,-3.926,0.755,1.821,0.281,,,2.34,0.22,2.2384,0.5082,63.1416073
757,757,,,,,,,,-2.669,0.551,1.35,0.196,,,3.33,0.26,1.9511,0.4992,10.3595951
758,758,,,,,,,,0.468,0.282,0.809,0.142,,,3.12,0.27,2.7175,0.6936,1.274616635
759,759,,,,,,,,-1.707,0.567,1.153,0.192,,,3.41,0.27,1.8591,0.4308,3.803273066
760,760,,,,,,,,-0.724,0.282,0.902,0.116,,,3.44,0.21,2.3692,0.384,1.486136818
761,761,,,,,,,,-0.96,0.276,1.051,0.115,,,3.67,0.19,2.4969,0.3784,2.747895456
762,762,,,,,,,,-3.914,0.851,1.781,0.347,,,3.62,0.35,3.7096,0.7594,32.78002698
763,763,,,,,,,,-0.152,0.07,0.696,0.053,,,3.35,0.13,3.6073,0.4602,1.067930263
764,764,,,,,,,,-1.076,0.343,1.082,0.13,,,3.43,0.24,3.5283,0.5492,3.124780701
765,765,,,,,,,,-2.318,0.507,1.388,0.243,,,3.36,0.3,2.615,0.5515,9.778851532
766,766,,,,,,,,-1.262,0.327,0.992,0.102,,,3.15,0.16,4.3342,0.5506,2.088715481
767,767,,,,,,,,-1.243,0.342,1.217,0.144,,,3.68,0.21,2.4625,0.4369,6.272782298
768,768,,,,,,,,-1.559,0.187,1.182,0.087,,,3.32,0.12,3.0536,0.3335,6.28972334
769,769,,,,,,,,-2.791,0.703,1.594,0.3,,,3.96,0.36,3.3616,0.6368,19.18198978